country	wbcode	iso3c	wbregion	regioncode	incomegroup	foodinsec	undnourish	avgdietenergy_ss	rpovhcmp	rpovhc125	foodconssc	avgprotss_pc	cal_staple	ch_wasted	ch_stunted	ch_anemic	cerealyld	agvapw	cold_storage_agvaladd	sharefamfarmarea	mvarea	agtfpgrowth	rformalfin	rfarmfin	accessagipmkt	arableland	fertdist	roaddensity	waterres_pc	waterrunoff	agprodyld	pld	agopvol	cropyldvolatility	foodpdvol	hhfoodprshocks	foodaidchronic	rinvclimate	rpolframework	raccount	rlandaccess	ragwateracess	rfinconditions	rorgdialog	wgicorruption	wgipolistability	wgiruleoflaw	dbs	nrassist	rrassist	constaxeq	welfarered	agnontarriffbarr	mfnagtarriff	tradebias	tradered	exporttime	logisticsind	shareagpeaktariffs	agrdspending	agrdaccess	agphd	agwomenres	agpubspend_prop	fnspriority	rresmgmnt	dietguide	nuttarget	foodsupplement	foodsafetysc	foodsafetyprog	socsafetyprog	socsafetybenefit	socsafetyadeq	fem_access_land	fem_access_fin	agpubspend_pc	agoda	agodachina	agodaindia	agodabrazil	agoof	agpvtfdi	agphilanth	agngo
Afghanistan	AFG	AFG	South Asia	SAS	Low income	0.40113576	24.9	101.1999969482	72.01604			58	77	8.6	59.3	43.5333333333	1957.9859619141	5.9954390526				-0.0097019838	4.8903369904		3.27	41.2		1.2660331726	2190	-0.486193983	0.883307785	25.2648296356	0.0685381219	0.2520520389	0.0177536197		1	3.625	3.7025	2.4525	2.89	3.345	3.1425	3.095	-1.5041377783	-2.5208011627	-1.8277513504	39.8349990845						7.06			75.4000015259	1.9349999428			3.08			3.1383421482	0.3669064343	2.6275		1	1	16.5		24.0168113708	26.1497898102	45.6247673035	0.5	0.5	5.0078144073	30.0077781677		0.7290458083	0.000255172	3.0467734337		0.0290719531	0.0114362203
Albania	ALB	ALB	Europe & Central Asia (all income levels)	ECS	Upper middle income	0.29359484		120.5999984741	1.868402	0.0048955265		101	41	9.4	23.1	22.2	4663.5239257813	8.1542072296				0.0473368728	23.5336208344		4.4433333333	53.55	1148.53	4.13676548	9551	-0.859228048	0.421776482	0	0.0856272951	0.1601018757	0.017658785		0	4.78	4.5833333333	4.1666666667	4.75	4.0833333333	4.8333333333	4.5	-0.6137898028	-0.1262215324	-0.5194174588	61.0499992371					0.0091860164	7.66			19	2.2850000858	0.1403007656					4.3261462836	0.3675962985	4.25						49.5129623413	25.0890712738	6.3942780495	0.5	0	59.7807922363	6.433619976				2.4030561447	1.9461692572		
Algeria	DZA	DZA	Middle East & North Africa (all income levels)	MEA	Upper middle income	0.1732449333	3.02	139.6000061035				88	57	9.6	23.3	31.9333333333	1597.7368164063	8.144408226		0.2548511028		0.0431760266	23.5900096893	1.5	4	7.6	2804.16	1.5860946178	303.3	-0.170844109	0.261704452	77.4615783691	0.1934708208	0.2222186029	0.0497204252	524.6049804688	1	4.5	3.8	3.78	3.4	3	4	4.25	-0.5017525256	-1.2662342548	-0.7498685122	52.1125030518									17	2.0399999619	0.7879699469	0.2		1.02433696156368E-005	2.54855149250943E-005	22.026623342	0.3667075038	4.67	0			10	0				0.5	0.5	174.8105621338	0.4417586923			0.0025928051	0.0934668928	0.4564357996		
Angola	AGO	AGO	Sub-Saharan Africa (all income levels)	SSF	Upper middle income	0.6305482667	17.78	116.8000030518		0.5873276591		54	60	8.2	50.8	54.3666666667	646.008605957	6.6492128372			10.5006933212	0.0504647999	34.0430984497	1	2.9175	1.95	11786.1	1.4109869003	7127	-0.460222478	-0.07307681	20.7058181763	0.3571088314	0.1490331292	0.0494632721	441.9349975586	1	3.165	3.25	2.625	2.875	2.25	3.3125	3.6875	-1.3389742136	-0.3399073422	-1.260008812	39.7125015259						9.84			50.5999984741	2.0850000381	0.314675957		3.33			7.59113841	0.3268617988	3.125	0.5	0	1	27	1				0.5	0.5	48.0696983337	2.8067126274	111.4583511353		0.0141343344	0.9440889359	3.4676311016	0.2000405192	
Argentina	ARG	ARG	Latin America & Caribbean (all income levels)	LCN	Upper middle income	0.23717914	2.5	138.1999969482				99	36	1.2	8.2	19.5666666667	4471.8017578125	9.384054184		0.1345461458		0.0099796476	38.1486282349	2.5	4.3725	6.15	3136.4	2.1341490746	21325	-0.429301497	0.286943665	14.3324117661	0.0676101521	0.1273972094	0.0351308249		0	4.27	5.015	4.5	4.33	4.3775	3.7375	4.955	-0.4526429832	-0.0078835435	-0.6725717306	56.7949981689	0.2329739034	0.2577164471	0.3275226951	38.79734	0.006506762	10.09		0.31889425	12.8000001907	2.8450000286	0.1591219604					5.1558772271	0.570970118	4.5025	1			60	3				0.5	0	316.8240966797	3.6140356064			0.0176423229	16.8195323944	241.5975341797	0.007411378	
Armenia	ARM	ARM	Europe & Central Asia (all income levels)	ECS	Lower middle income	0.47012376	6.62	116.1999969482	0.3907028	0.0206588302	5.6510777473	85	43	4.2	20.8	33.1333333333	2563.3400878906	8.9504060745				0.0445923012	15.4684896469		5.1675	61.05	4439.95	3.2602410316	2617	-0.888807121	1.283341211	0	0.1851755381	0.1925854683	0.0772393942		0	4.665	5.125	4	5.0625	5.0625	5.25	4.4375	-0.5593213856	0.0707038391	-0.4110862494	63.8950004578					0.0002551671	6.97			16.7999992371	2.3499999046	0						0.2853938043	4.75				90		36.9740715027	27.0831241608	32.1182823181	0.5	0	80.532661438	39.151714325		0.1716504544		14.9960794449		0.0401507765	
Azerbaijan	AZE	AZE	Europe & Central Asia (all income levels)	ECS	Upper middle income	0.60040428	2.5	124	8.800382	0.054041326		88	63	3.2	26.8	35.7	2493.1459960938	7.2014479637	-8.3864603043	0.8279367685		0.0306847449	11.603219986	2	4.2475	75.6	6059.8	3.0867111683	3725	-0.78587928	0.376168336	6.3583812714	0.1622413248	0.1203941256	0.0047008153		0	4.0825	4.25	3.625	4.6875	4.4375	4.125	4	-1.0765619278	-0.4342664421	-0.8044356585	63.2550010681						13.23			29.3999996185	2.3250000477						15.4410021919	0.3491215706	4	0			93	0	79.4151687622	20.0654659271	64.1787261963	0	0.5	0.0143550532	4.658326149				8.4128980637	1.2593281269		
Bahrain	BHR	BHR	Middle East & North Africa (all income levels)	MEA	High income: nonOECD	0.22465116										32						0.0264573065				100		6.2947921753	88.01	-0.012250947	1.750484804	50	0.1425783336		0.1207738742										0.3145836562	-0.8218024969	0.4105829954	67.5975036621					0.0727226362	5.7			11.6000003815	3.2199997902	0.0194744989						0.3351155519					86.5					0	0.5									
Bangladesh	BGD	BGD	South Asia	SAS	Low income	0.25390624	17.18	107.1999969482	58.69996	0.4916191101	13.9389982224	55	80	12.65	41.7	56.3	4312.8310546875	6.2874722481	-11.7346849442	0.8774266243		0.030039097	24.5564002991	3	3.7725	67.4	2454.16	4.970416069	7932	-0.52805698	-0.298931626	0.4092769325	0.1191292927	0.0708599091	0.0220543984	583.8385009766	1	3.8125	4.2675	3.08	3.235	3.735	4.44	3.8925	-0.9707788587	-1.4599619627	-0.8023694873	48.0374984741	0.3057464063	0.428137213	0.3363484144	47.87714		16.81	0.1773836017	-0.3945561	28.9200000763	2.4900000095	0.5733990669	0.4	3.83	6.40523467154708E-006	2.56166595136165E-006	6.1901834407	0.3645455837	3.595	1	1	1	37	2	25.873128891	28.9698162079	6.8323845863	0.5	0.5	10.5125551224	3.0626282692				0.6134734154	0.271574527	0.0032342847	0.3805060387
Belarus	BLR	BLR	Europe & Central Asia (all income levels)	ECS	Upper middle income	0.24075446		130.8000030518	0.0235927	5.84197587158997E-005		92	38	2.2	4.5	25.2666666667	3186.4055175781	8.9927806854				0.0374437116	46.6022109985	2		2.1	4292.64	3.7286217213	6167	-0.703834966	3.353335157		0.1282802224	0.1330756396	0.0191501509										-0.6273274541	0.0420225129	-0.9864601493	59.5525016785						12.17			15.1999998093	2.7799999714	0.3019891381					28.0170887207	0.2466626167		1				3	70.4606781006	23.8767318726	24.2487163544	0	0	553.5822753906	0.5972598791				0.008141187	9.6217565536		
Benin	BEN	BEN	Sub-Saharan Africa (all income levels)	SSF	Low income	0.5953562667	10.46	122.5999984741	76.90263	0.5661125183	29.9706230164	61	72	8.4	44.7	68.4666666667	1351.7706298828	7.0054001808			26.6321105957	0.0184993161	6.7711558342	1	4.5	0.9	9746.8	2.8067662716	2626	-0.696804117	-0.278827762	21.8793830872	0.0640199259	0.1271497011	0.0391713865	1030.3100585938	1	4.095	4.4425	3.875	3.0975	4	3.75	4.63	-0.7590656519	0.2980564028	-0.6723255634	41.5	0.0030181999		0.0121004004	5.868877	0.0001380834	14.55	0.0433409996	-0.0586888	29	2.5250000954	0.5804511309		4.5			3.3939675691	0.4851487279	3.75	0	1	1	6.5	0.5				0.5	0.5	11.3629674911	11.3281431198		0.0190674551	0.0041412176	3.2923574448		0.0024064952	
Bolivia	BOL	BOL	Latin America & Caribbean (all income levels)	LCN	Lower middle income	0.3760496	21.5	101.4000015259	42.98286	0.1167962849		64	52	1.7	27.2	55.9666666667	2129.9587402344	6.4594697952				0.0018862983	20.8401603699	2	3.7675	7.3	11525.5	2.0011277199	54688	-0.327599338	0.001478777	14.1700401306	0.111052826	0.1150118262	0.0093309022	289.0599975586	1	3.3275	4.6575	4.0775	3.9525	3.515	4.0325	4.39	-0.5800694525	-0.4532445014	-1.0624083996	49.8974990845					0.0020712509	12.26			19.3999996185	2.3150000572	0.3751688004					3.5032527279	0.4299823642	4.1325	1			56.5	2	2.137554884	3.5463762283	56.8449821472	0.5	0	12.3506469727	33.1848640442			0.0655703917	15.629160881	16.6916656494	0.1653860807	0.0556504354
Bosnia and Herzegovina	BIH	BIH	Europe & Central Asia (all income levels)	ECS	Upper middle income	0.17311276		124.5999984741	0.4434555			90	50	2.3	8.9	27.5	3821.6896972656	9.5353107452					55.6128311157		4.1675	0.3	1589.95	3.7947869301	9781	-0.612717487	0.896184137			0.1838775277	0.0637213141		0	4.0825	4.375	4	4.25	4.0625	4.125	4.25	-0.3043496817	-0.6181913853	-0.293291074	54.6850013733						9.64			16.3999996185	2.5399999619							0.2699694932	4.0325						22.5408267975	20.9157028198	27.0889377594	0.5	0	19.4216022491	6.5333600044				1.8804004192	8.4329605103		
Botswana	BWA	BWA	Sub-Saharan Africa (all income levels)	SSF	Upper middle income	0.55356485	27.34	97.5999984741		0.1933736205		64	49	6	31.4	42.4333333333	355.4007873535	6.6720466614		0.7883073092		0.0178571633	26.092830658	1	3.5566666667	0.65	14144.5	1.4359984398	6108	-0.68379047	0.313743108	44.3899612427	0.1310570836	0.608541429	0.0478605703	126.7949981689		4.5566666667	4.4166666667	4.71	4.25	3.8333333333	3.5433333333	4.1666666667	0.9526934385	1.0159416556	0.64812783	65.4475021362					0.0002761668	8.6			28	2.4549999237	0.2458068281	2.9666666667		2.55601880780887E-005	4.13934758398682E-005	48.6230693182	0.2787222266	5	0.5			33	2	89.4792709351	24.1741847992	21.9163341522	0.5	0.5	217.5893096924	2.1936144829	0			12.9205608368			
Brazil	BRA	BRA	Latin America & Caribbean (all income levels)	LCN	Upper middle income	0.19266442	2.5	133.8000030518	5.392734			92	34	1.6	7.1	22.7666666667	4204.1572265625	8.4406995773	-9.0191364288	0.2400583923		0.0355701714	54.0566596985	3	4.415	7.5	10519.6	2.9330391884	43528	-0.191986904	-0.188364341	11.0852622986	0.1359301358	0.1811521351	0.0087002888	97.0200042725	0	4.8325	5.75	4.565	4.425	3.9575	5.1275	5.0475	-0.0316412331	-0.0398751616	-0.0912576559	53.25	0.0138565497	0.0272978507	0.0188909005	6.715929	0.0288338866	10.15	0.1915420592	0.0120165	12.8800001144	3.0850000381	0.1540011019		4.5			9.5844779892	0.3712618351	5.005	1	0	1	93	4	71.323387146	35.8858566284	34.488609314	0	0.5	216.2357177734	1.4464992285				3.1248600483	37.4451255798	0.1755829453	
Bulgaria	BGR	BGR	Europe & Central Asia (all income levels)	ECS	Upper middle income	0.33570856		114.8000030518				82	43	3.2	8.8	27.1333333333	3959.1721191406	9.6167001724		0.3942527473		0.0120828551	45.0207099915	3.5		3.15	2889.95	2.8643934727	2927	-0.810415338	0.246762876		0.038075909	0.2255167961	0.0703003258	433.4299926758									-0.2417533457	0.290251568	-0.1151348144	68.5124969482	0.0087748002	0.0679749697	0.0203484334	7.6361116667	0.0024855013	13.220000267	0.015548666	-0.0081837667	19.7999992371	2.75	0.543307066					8.310699009	0.3957888782		1				3	64.4351501465	29.203540802	15.9141511917	0	0	81.2554779053					2.3111703396	31.5449199677		
Burkina Faso	BFA	BFA	Sub-Saharan Africa (all income levels)	SSF	Low income	0.561433525	21.38	122.5999984741	94.65723	0.5109068155	36.7846298218	80	65	13.35	35.1	86.5	1083.8813476563	5.2493281364			9.0704250336	-0.0037542108	11.970749855	1	4.585	0.9	12783.2	1.7179429531	820.2	-0.590439181	-0.352590207	36.6990280151	0.0765615553	0.1111058593	0.0321509317	661.2399902344	1	4.1025	5	3	3.575	4.29	3.6	5.065	-0.4531830668	-0.4107112674	-0.341663751	43.6849975586	0.0824460983		0.2488547415	17.4298305		14.55	0.0455649011	0.159682	41	2.1449999809	0.5804511309	0.4	4.5	9.31727117858827E-006	2.10960479307687E-006	6.8490984695	0.4528170228	4.375	0.5	0	1	57	0.5	29.4639987946	19.685426712	106.5496063232	0.5	0.5	19.4942741394	15.0802631378			0.0011235643	1.1744674444		0.1013376191	2.2337036133
Burundi	BDI	BDI	Sub-Saharan Africa (all income levels)	SSF	Low income	0.6753001			84.91469	0.8548420668	32.5846061707			6.1	57.5	48.5666666667	1236.232421875	4.8180289268			7.0364699364	-0.0238568088	5.969604969	1	2.875	2.35	12648.3	3.7904419899	1273	-0.821378815	-0.12432037	27.2727279663	0.0185024384	0.0730842054		779.2700195313	1	3.415	4.16	3.5325	3.6875	3.375	3.8125	3.375	-1.2312216997	-1.5263601065	-1.1287913561	39.8974990845						19.82			36.2000007629	1.6799999475	0.6729460955	0.5666666667	3.17	2.45367505158356E-006	0.000002412	0.6318321619	0.4946371913	4.19	0	0.5	1	3.5	0				0.5	0	0.2228546739	8.5777759552				3.0610194206		1.0997748375	0.0185479242
Cambodia	KHM	KHM	East Asia & Pacific (all income levels)	EAS	Low income	0.59769144	16.18	109.8000030518	53.3774	0.1315966249		63	72	10.8	40.9	56.2666666667	3054.1086425781	6.2322335243				0.0568725093	2.2275390625	1	4	8.85	4819.85	3.0857357979	32028	-0.443190898	-0.198482276	3.2032032013	0.3335821331	0.1626992226	0.0275767837	354	1	3.7925	3.595	3.22	3.5025	3.485	3.985	3.125	-1.1334229231	-0.3503072858	-1.0304859161	49.8274993896					0.0001275836	15.22			22	2.1599998474	0.4736842215		3.17				0.2232453674	3.5	0	1	1	43.5	2	0.2123634964	10.0603370667	0.6181224585	0	0	6.379380703	8.0703058243		0.1159677282		0.9835588336	3.851064682	0.0197287966	0.0054141218
Cameroon	CMR	CMR	Sub-Saharan Africa (all income levels)	SSF	Lower middle income	0.6747515	11.34	116	70.17968	0.4504632652	17.7142848969	68	54	5.8	32.6	64.0333333333	1672.7054443359	7.0339865685			14.9400072098	0.0518057192	13.799489975	1	3.7475	0.5	11716.6	2.3479599953	13046	-0.376468731	-0.202646784	3.7653872967	0.2333172262	0.1003415212	0.0182464607	274.575012207	1	3.6675	4.25	2.425	3.72	3.9375	3.4375	4.1875	-1.087962997	-0.5929221869	-1.0608465672	46.3125	0.0315726995	0.1382427961	0.0363611989	25.61369		21.76		0.2227853	23	2.1700000763	0.678974092		4.08			3.2918275541	0.4242862165	3.5975	0	0	0.5	60	1	0.2031720579	8.759522438	2.5724403858	0.5	0.5	14.9240217209	4.2637314796	0	1.3747371435	0.0091148466	2.1930708885	60.9716682434	0.0519371964	0.3357425928
Central African Republic	CAF	CAF	Sub-Saharan Africa (all income levels)	SSF	Low income	0.8505382	37.4	92.8000030518	89.79147	0.7057615519	36.0319252014	53	56	7.4	40.7	72.5666666667	1463.5390625	6.3753752708			0.5937709212	0.003169773	0.7293050289		2.5825	0.1	17255.1	1.1801923513	31160	-0.440544178	-0.232557495	0.5163043737	0.0395834036	0.2972875535	0.0090707289		1	2.5425	3.3775	2.5775	3.3075	2.9075	2.6575	3.265	-0.904437995	-1.939463973	-1.4332960129	30.0949993134						21.76			52.4000015259		0.672965765	0.1333333333		6.71525867801392E-006	9.61330806603655E-006	0.7601495801	0.5304762125	2.7025				20					0.5	0.5	3.0236318111	4.763302803				0.8041495681	8.3789224625	0.0130890897	
Chad	TCD	TCD	Sub-Saharan Africa (all income levels)	SSF	Low income	0.59618168	38.74	98.4000015259	94.68788	0.4210807979	56.4498825073	62	68	15.7	38.7	74.5333333333	861.6785888672	7.1601448059			10.928024292	-0.0057234806	5.9925708771	0.5	2.875	0.65	14290	1.1363141537	3671	-0.461012896	-0.084922272	61.596282959	0.0261550117	0.1465668231	0.0161048658		1	2.73	3.44	2.595	3.19	3.1575	3.1125	3.2675	-1.2979502439	-1.3348124027	-1.4498272419	31.1925010681	0.0102353999		0.0148529001	15.01752		21.76	0.0109583996	-0.0234518	74.5999984741	2	0.6702551842	0.1		2.10223720387148E-006	0.000000892		0.6861110926	2.83	0			27	0				0.5	0.5	3.9771819115	5.3239912987			0.0014196159	0.8033699393	2.3722417355		0.1486137807
Chile	CHL	CHL	Latin America & Caribbean (all income levels)	LCN	High income: OECD	0.24605152	2.5	123.4000015259		0.0182887837		85	44	0.3	1.8	20.1666666667	6469.6625976563	8.7313127518	-7.5676259995	0.1859012544		0.0295418589	37.1389808655	3	4.88	85.75	6423.4	2.3206267357	52854	-0.373894766	3.104738489	26.8064670563	0.0401568301	0.1099753305	0.0117876204	192.375	1	6	4.6	4.83	4.9	4.86	4.5	5	1.4876631975	0.4885439098	1.3302427053	70.2574996948	0.0402030014	0.0074113668	0.0132148331	2.2850527	0.0199030358	6	0.0121605005	-0.0000685	16.2000007629	3.0199999809	0						0.3869504333	4.67	1			93	3	95.7343826294	21.5696849823	22.3777141571	0	0		1.6436417103							
China	CHN	CHN	East Asia & Pacific (all income levels)	EAS	Upper middle income	0.09177958	11.08	126	8.108431			94	52	2.7	11		5683.5239257813	6.5337939262	-8.62292099			0.0271969723	53.676940918	3	4.8325	62.6	4694.98	3.7273313999	2017	-0.227089034	0.479895201	16.2566356659	0.0885921866	0.0228159316	0.0064503611	426.2880249023	0	4.2525	4.25	3.97	4.22	4.315	4.2825	4.125	-0.5056202233	-0.5580556631	-0.3973851383	59.1450004578	0.2111382484	0.1295577586	0.1488004029	31.51418	0.0623883642	15.57	0.1214773506	0.0386093	21	3.5749998093	0.4676500261		4.08			19.5670764245	0.4687571228	4.3125	1	1	1	96.5	4				0.5	0	150.098449707	0.0843015388				0.1677187979	2.9213984013	0.0016888168	
Colombia	COL	COL	Latin America & Caribbean (all income levels)	LCN	Upper middle income	0.348899	10.56	118	14.43794	0.0812944174		62	35	0.9	12.7	28.6	3401.4213867188	8.1686763763	-10.70662117	0.0784593821		0.0216737982	26.8760890961	2.5	3.945	63.3	5143.5	2.7474701405	49472	-0.262794706	-0.175495968	5.4291782379	0.0331539735	0.090356268	0.0251837783	97.2699966431	1	4.71	4.0825	3.355	3.5875	3.725	3.7275	3.59	-0.3771634936	-1.4589926243	-0.3798848033	67.7574996948	0.3040590882	0.2283297032	0.3382312953	43.707595	0.0075274305	14.93	0.0548884012	-0.2138905	14	2.6549999714	0.6226249933					4.0299527272	0.4412417114	4.19	1			73.5	2	68.0837097168	24.2170162201	19.8308448792	0	0	54.8163070679	8.2732172012			0.0074394881	0.0015130396	1.3306381702	0.2682918012	0.006876803
Congo, Dem. Rep.	ZAR	COD	Sub-Saharan Africa (all income levels)	SSF	Low income	0.63328235			88.17651		49.5959815979			8.3	43.05	68.1	764.8135986328	5.3831214905			23.1113758087	-0.0077133856	2.0130589008	0	3.0075	0.2	14701.2	1.8788702488	19527	-0.312750311	-0.163114079	2.315059185	0.0287714694	0.0199748371			1	2.71	4.5	2.5625	2.8	3.575	2.7	3.5375	-1.3559365511	-2.1636380911	-1.6100058079	34.5050010681									44	2.1150000095	0.2929237783	0.1666666667	3	1.27788632653392E-006	1.01112686934357E-006	0.7091668494	0.2927862704	3.22	0	0	0	70	0	3.8044781685	14.818318367	79.0288314819	0.5	1	1.6942596436	3.2403254509				1.5209367275	0.5495867729	0.0060908399	0.8094047904
Congo, Rep.	COG	COG	Sub-Saharan Africa (all income levels)	SSF	Lower middle income	0.6115231333	29.34	98.4000015259	66.44665	0.6803767085		50	61	5.9	25	65.5	824.483215332	6.5232462883				0.0020055003	5.7900109291		3.33	0.4	9972.53	1.6035728455	191838	-0.53328739	-0.154599847	8.2304525375	0.1478920728	0.0516459942	0.0153130805		1	3.24	4	3.1075	3.0625	3.4825	3	3.47	-1.1495200396	-0.385619837	-1.1484806299	37.0125007629						21.76			50	1.4449999332	0.6706323028	0.9		2.20600832108175E-005	1.21153543659602E-005	2.4469098626	0.4221175611	2.9325				43.5		0.7086233497	38.096157074	162.7688140869	0.5	0	26.0871925354	6.8281178474			0.0173865091	2.1308517456	35.4985923767	0.1988950223	
Costa Rica	CRI	CRI	Latin America & Caribbean (all income levels)	LCN	Upper middle income	0.2981159	5.44	117.5999984741		0.016917374		76	34	1	5.6	32.5	3452.8093261719	8.7214231491	-8.6137275696			0.0129796772	51.3565711975	1.5	5.63	42.15	3498.53	4.3712925911	23517	-0.426303585	-0.175136185	0.980392158	0.0356689543	0.1694806963	0.0220218431	237.1499938965	0	4.13	4.25	4.12	5	4.07	4	4	0.6230056524	0.6110638499	0.4826589763	58.3424987793					0.0201582033	11.27			14	2.5799999237	0.0941898376	1.075		2.66226998064667E-005	6.60406076349318E-005	9.6019739635	0.4797039926	4.46	1			100	3	60.4058151245	33.0711402893	35.6822319031	0.5	0	152.0869750977	3.0145862103			0.0224935878	1.2266205549	27.0151367188	0.6751607656	
Cote d'Ivoire	CIV	CIV	Sub-Saharan Africa (all income levels)	SSF	Lower middle income		14.08	130.3999938965	78.04369	0.4517572522	13.4143276215	58	67	7.6	29.6	74.7	2350.8500976563	7.207611084		0.4775289297	14.6506567001	-0.0045587497		0.5	3.25	2.5	8161.27	3.218875885	4241	-0.38711961	-0.295502996	8.764289856	0.0407829396	0.2679156661	0.0158584993	238.7579956055	1	3.1275	3.25	2.54	2.5625	3	3	3	-0.9821998715	-1.3125928164	-1.167332828	42.9674987793	0.2814469934	0.306894511	0.0585049018	42.72381	0.0001380834	14.55	0.5790702105	0.3872958	25	2.3399999142	0.5804511309	0.4333333333	3	9.04086573427776E-006		1.7866816917	0.5206952691	2.785	0	0	1	87	1	2.4282903671	12.8819141388		0.5	0.5	10.0197076797	4.9891967773	0.1522384882	1.1895416975		0.563601613	13.2018022537		
Cuba	CUB	CUB	Latin America & Caribbean (all income levels)	LCN	Upper middle income		2.5	135.6000061035				83	44	2.4	7	33.4	2471.84375	8.3458337784				-0.0266276785			4	24.65	2692.03	4.0142006874	3382	-0.123354133	-0.218375786	2.276422739	0.0965389237	0.190222159	0.0674311444		1	4.67	4.25	4.75	4.25	4	3.75	4	0.3074896351	0.3293962896	-0.6373170257						0.0015310028	10.56				1.9900000095	0.2986465991						0.4153086245	4.75				100					0	0	177.4679718018	5.2197170258			0.2004053891	0.8860391378			0.0221428685
Cyprus	CYP	CYP	Europe & Central Asia (all income levels)	ECS	High income: nonOECD	0.14102006		104.4000015259				79	28			18.0666666667	1791.5899658203	9.4746837616		0.8897804022		-0.0012702857	83.2223205566			52.75		4.9158334732	690.9	-0.280378722	2.71815574	9.0909090042	0.148468852	0.4717348516	0.0258067753										1.0604532003	0.5118009925	1.1013829231	67.9475021362	0.100028336	0.0577195324	0.0619977638	12.9401656667	0.0002761668	13.220000267	0.0475251675	0.0576300667	7	3.0550000668	0.3745318353						0.4101814628					100					0	0									
Dominican Republic	DOM	DOM	Latin America & Caribbean (all income levels)	LCN	Upper middle income	0.56601408	14.7	109.4000015259	8.327397	0.0308534317		58	32	2.4	7.1	33.0333333333	4418.5615234375	8.8177776337				0.101699679	29.5876197815	2	4.67	38.4	2143.5	3.2538042068	2287	-0.521517032	-0.129862415	5.447470665	0.1168868244	0.0766917393	0.0187151171	186.8500061035	0	3.9433333333	4.21	3.88	3.96	3.94	4.5	4.3766666667	-0.7949183226	0.0664210163	-0.7111955047	62.3050003052	0.2627749443	0.2123857886	0.3167940378	65.76447	0.0278132185	12.73	0.4959743917	0.4609484	8.3999996185	2.4749999046	0.5094918609	0.3		7.0675159804523E-006	1.95745487872045E-005	13.915274873	0.467048794	4.13	1			27	2	40.9616508484	27.7617111206	12.6880722046	0	0	72.3253936768	7.0950632095			0.0008107792	1.7495565414	7.2610220909	0.0282614436	
Ecuador	ECU	ECU	Latin America & Caribbean (all income levels)	LCN	Upper middle income	0.49820884	12.3	111.1999969482	7.679747	0.0755966529		66	34	2.3	25.2	39.7	3096.5771484375	8.2513122559		0.4114513099		0.0254805818	35.2704696655	1.5	4.2125	100	5192.03	2.8243196011	29525	-0.43448619	0.177850687	4.3636364937	0.0471596979	0.1528775394	0.0230485331	224.9100036621	0	4.14	4.7725	4.2	4.015	3.9475	4.8575	4.525	-0.7618959308	-0.5639093846	-1.1565757513	57.2474975586	0.2133072615	0.2619433403	0.1126833484	37.35291	0.0113549372	18.45	0.4257481992	0.13008815	20	2.5	0.675939858					6.6935505785	0.5512647629	4.5025	1			56.5	2	91.7164459229	21.537733078	29.0714092255	0.5	0	45.2083625793	6.0319609642			0.0068132835	0.0304276086	1.4501233101	0.1493355632	
Egypt, Arab Rep.	EGY	EGY	Middle East & North Africa (all income levels)	MEA	Lower middle income	0.37178068	2.5	151.8000030518	4.393908	0.0308671203		102	65	5.2	23.8	45.4333333333	7086.236328125	7.7443828583		0.8546037674		0.0273119796	5.1880850792	2	4.915	100	1322.79	2.5680308342	722.2	-0.053700127	0.864693772	84.4867019653	0.0770625845	0.1022554711	0.0365847535	452.2949829102	0	4.9575	4.625	4.095	5.1575	4.9075	4.94	4.7825	-0.5625418663	-1.2119220734	-0.3268678658	57.3824996948	0.0062821498	0.1787564456	0.0668879524	28.23918	0.0025516714	66.65	0.3409863412	0.15776505	12.3999996185	2.6449999809	0.258751899	0.4		0.0001185982	1.65421079145744E-005	6.3100077715	0.4040301442	4.66	1			76.5	2	51.4258117676	21.3587398529	4.8602180481	0.5	0.5	27.7692012787	1.6399638653	0			2.1063985825	3.6648616791		
El Salvador	SLV	SLV	Latin America & Caribbean (all income levels)	LCN	Lower middle income	0.4474666	12.58	112.8000030518		0.044822149		70	49	1.3	24.6	28.5666666667	2688.0148925781	8.1226625443	-9.049118042	0.5875682235		0.0210581624	12.0842399597	1.5	4.21	6.6	4904.16	3.5418534279	4172	-0.422896176	-0.307545768	0	0.0510561801	0.1007381305	0.0392892659	148.3200073242	1	4.54	4.7675	4.44	3.765	3.645	4.5	4.2525	-0.2742946297	0.0642505132	-0.7691699862	59.4075012207					0.0098239351	11.77			13.8000001907	2.4500000477	0.4821395874					2.3970176967	0.3316463232	4.5625	1			70	2	76.6568603516	23.9784049988	11.0157184601	0.5	0.5	30.4869842529	8.324174881			0.0080640633	0.3028114736	1.0880602598	0.0055379602	
Eritrea	ERI	ERI	Sub-Saharan Africa (all income levels)	SSF	Low income									15.3	50.3	60.5333333333	564.8947753906	4.6656894684			1.4379298687				3	3	5276.96	1.226672411	1193	-0.789705144	0.435010003	56.9209022522		0.4547125697			1	2	3.75	3.5	5	3.5	2	3.75	-0.5829817355	-0.7588914633	-1.3144591331	33.4199981689									50	1.5900000334		0.3666666667		2.45066257775761E-006	1.684549147285E-006		0.337500006	3.5				33					0.5	0	3.2956619263	1.5811766386	0			1.9398863316			
Ethiopia	ETH	ETH	Sub-Saharan Africa (all income levels)	SSF	Low income	0.4202281	35.1	97.1999969482	96.26907	0.3780219257	35.6103744507	61	76	10.1	44.2	51	1948.0771484375	5.5132780075	-12.7801103592	0.986143887	13.6874399185	0.0211203084		1	3.7525	1.95	7653.3	1.1036705971	1330	-0.128366083	0.168181821	28.7167205811		0.2476269305	0.0134190656	564.3239746094	1	4.2075	3.8775	3.8625	3.6575	4.22	4.515	4.0625	-0.641066885	-1.5326587439	-0.7027778029	50.4274978638	0.3834736347	0.3360855281	0.1710556448	1.955902	0.0002761668	22.37		-0.019559	45.4000015259	1.9950000048		0.2	4.33	2.15318573282275E-006	2.28585577133344E-006	6.0438440446	0.3162134886	4.9375	0.5	0.5	1	73	1	17.7410182953	23.6159305573		0.5	0.5	10.8647451401	10.7316093445	0.0178706814		0.0001244494	3.4285936356	1.124822855	0.1412875801	1.0081781149
Gabon	GAB	GAB	Sub-Saharan Africa (all income levels)	SSF	Upper middle income	0.6550097	2.5	123.5999984741	46.55329	0.0842117369		82	51	3.4	17.5	60.1	1683.6638183594	7.8259310722				0.0074358651	13.3770198822		3	1.2	9155.37	1.2313525677	101653	-0.478847808	-0.17309849	2.1822850704	0.037302006	0.040044535	0.0267643649			2	3.88	2.4966666667	3	4	4	3.13	-0.7234155059	0.2908238873	-0.4960467756	50.3099975586						21.56			20	2.0450000763	0.6690799594	0.1333333333		5.07256409036927E-005	4.76585373689886E-005		0.4951083362	2						36.87134552	20.9401683807	25.7017555237	0.5	0.5	45.1998977661	31.6308612823	0		0.05605774	33.3918800354	145.5626220703	0.520906806	
Gambia, The	GMB	GMB	Sub-Saharan Africa (all income levels)	SSF	Low income		6.6	129.6000061035	81.96902		3.4149963856	67	63	9.5	23.4	66.3	982.6281738281	5.7096095085			4.3542175293	-0.0199040787			4.695	1.1	5279.9	3.4999876022	4467	-0.91553703	-0.388669108	10.5263156891	0.0686271191	0.1413729191	0.0771730393		0	4.085	4.7225	2.91	3.915	4.125	4.305	3.86	-0.5930708289	0.037045165	-0.5180838645	49.6850013733						16.9			19.2000007629	2.0350000858	0.7890203595	0.6	4	6.10843653703341E-006	1.20676995720714E-005		0.4669829309	3.6425		0.5	1	73					1	0.5	4.1894602776	27.7729511261				12.6402854919			
Georgia	GEO	GEO	Europe & Central Asia (all income levels)	ECS	Lower middle income	0.551294	9.26	112.5999984741	1.469492	0.1925544143		75	58	1.6	11.3	26.4333333333	1951.9702148438	7.8174815178		0.6451340914		-0.0248104123	28.2747097015		4.0825	100	2824.87	3.2965893745	14532	-0.660012671	0.640016677		0.1269970685	0.1593045592	0.0780151635		0	4.5	4.375	4.0625	4.875	3.9375	4.6875	4	0.0481007278	-0.6905734301	-0.1208414081	77.9325027466					0.0022965041	5.94			9.6000003815	2.5099999905	0					2.749535667	0.3086007237	4.125				67		53.2025985718	27.4308509827	50.7669792175	0.5	0	8.4302806854	11.1089544296				1.5080137253	34.3937263489		
Ghana	GHA	GHA	Sub-Saharan Africa (all income levels)	SSF	Lower middle income	0.50967324	3.92	141.6000061035	45.87391	0.432423234	29.3999996185	60	66	6.2	22.7	76.5	1705.03125	6.6227297783			17.8260707855	0.0085722108	25.3478107452	1.5	4.665	0.7	8438.22	3.8266947269	2216	-0.47843913	-0.276381707	13.8825321198	0.133421734	0.1200069264	0.0223792195	617.0999755859	1	4.335	4.3125	3.92	3.565	3.92	4.5	4.1075	-0.0061418355	0.0688480455	-0.0203531802	64.2850036621	0.0604705513	0.090135403	0.0434942991	35.700135	0.0005103343	17.33	0.3737645745	0.1651447	19	2.2849998474	0.7788691521	0.7	4	1.74401538970415E-005	9.97981533146231E-006	0.3946819351	0.3916340172	3.94	0.5	1	1	50	2	6.526611805	22.5541419983	40.5359115601	1	0.5	1.7457147837	19.3672332764	3.6746623516	1.0166449547	0.0155656273	3.5322322845	2.8184144497	0.3504939079	0.0029401958
Guatemala	GTM	GTM	Latin America & Caribbean (all income levels)	LCN	Lower middle income	0.47607542	15.06	116.8000030518		0.183573246		64	47	1.1	48	46.1333333333	2001.8448486328	7.5504746437	-9.3573188782	0.434084326		0.0335507805	20.4029102325	2	4.6675	22	5259.19	2.6865723133	8480	-0.522865605	-0.136864456	1.6286644936	0.1476882845	0.1813541353	0.0242325291	266.6799926758	1	4.6475	4.095	4	3.72	3.88	4.13	3.9075	-0.5243518949	-0.786736536	-1.0677646399	61.5875015259					0.0053585097	9.58			17	2.4800000191	0.4609653354	0.1	3.67	1.82075200427789E-006	3.78190679839463E-006	2.1947704346	0.5851185918	3.845	1	1	1	73.5	2	62.2944107056	20.9389781952	27.8511829376	0.5	0	15.244644165	8.7884502411			0.0092617692	1.0472875834	4.4672517776	0.0155335143	3.063218832
Guinea	GIN	GIN	Sub-Saharan Africa (all income levels)	SSF	Low income	0.7570765667	17.5	116.4000015259	92.60696	0.4876437187	33.9413528442	54	62	5.6	35.8	76.2	1496.7703857422	5.3352127075		1	16.2384376526	-0.0006308707	1.7282530069	0.5	3.0825	3.25	7074.87	2.8696684837	19736	-0.578804509	-0.268709036	3.2844164371	0.0786657259	0.0143287098	0.0148154255	324.2600097656	1	3.125	4.375	2.625	2.8125	2.375	2.9375	4	-1.1016461372	-1.5329593182	-1.4754696131	38.3175010681						14.33			35.5999984741	2.2199997902	0.5671737194	0.1333333333		5.5602477004868E-006	1.38468772092892E-006		0.6087032557	2.9375	0				1				0.5	0.5	3.656222105	3.988496542	0.3672963679			0.0192826074		0.0014235527	0.3847137392
Guinea-Bissau	GNB	GNB	Sub-Saharan Africa (all income levels)	SSF	Low income		22.48	105.8000030518	93.5024	0.5430351496	24.2442932129	43	64	5.8	32.2	72.0666666667	1484.6770019531	6.4672045708				0.0188343155			3.0825	8.4	5129.9	2.2578692436	18870	-0.605967576	-0.274369588	0.6024096608	0.120114468	0.1821929812	0.0168234874		1	3.33	3.5	2.75	3.5	2.5	1.75	2	-1.1550780058	-0.7858883142	-1.4339127779	37.5449981689						14.55			25	2.1199998856	0.5804511309	0	3	0	0	0.5206441442	0.3764705956	3.25		0	1						0.5	0.5	1.579077363	20.5842590332	0		0.1770885438	1.318777442			
Haiti	HTI	HTI	Latin America & Caribbean (all income levels)	LCN	Low income	0.636085	50.44	90	65.90014		31.0717792511	48	53	5.2	21.9	61.1333333333	976.9840087891			0.9589212537		0.0090863436	15.3053798676	1	3.5625	9.15	2117.77	2.7074494362	1379	-0.551784453	-0.198014497	13.571428299	0.0386839062	0.0672901496	0.0114952177	309.75	1	3.5425	4.115	3.44	3.0775	3.9375	4.065	3.9875	-1.1865555763	-0.901022625	-1.357329917	42.7700004578						8.2			33.7999992371	1.9750000238	0.3538838029						0.3222038746	3.485	1			20	1	0.8665575981	24.7069969177	1.2574417591	0.5	0	9.3243532181	29.2412033081			0.4246895611	1.9796199799	3.8742260933	0.2071854621	0.9071400762
Honduras	HND	HND	Latin America & Caribbean (all income levels)	LCN	Lower middle income	0.5425292	13.66	120.8000030518	25.66907	0.1525743455		65	47	1.4	22.7	39.1666666667	1674.2668457031	7.7305212021				0.0267662195	16.1625404358	2	3.605	8.8	4367.77	2.4923756123	11613	-0.476894747	-0.234250506	0.4559270442	0.1333650202	0.0737354904	0.0459842384	126.7200012207	0	4.25	3.9075	3.955	3.395	3.5775	3.83	4.1125	-0.8841297865	-0.43346802	-1.0259790421	59.2574996948					0.0063791783	10.18			16	2.3299999237	0.4733169675	0.2		0.000001285	3.18573415825085E-006		0.439355284	3.7975	1			53.5	2	65.8888626099	21.4450740814	21.6104507446	0.5	0.5	16.5844993591	16.3859500885			0.0216098428	1.6808099747	4.5168008804	0.1874184608	0.0327564962
Hungary	HUN	HUN	Europe & Central Asia (all income levels)	ECS	Upper middle income	0.307937025		115.1999969482				82	30			26.4333333333	4603.513671875	9.3133106232	-9.1927719116	0.5164734125		0.0097565591	69.6719665527	4		3.8	3802.69	5.3672800064	10425	-0.765099858	0.631818073		0.0530607663	0.2308323085	0.0349586047	177.9199981689									0.2960506618	0.6734179735	0.6819376111	66.5975036621	0.0672156364	0.0445843339	0.0250246674	9.242023	0.0030378348	13.220000267	0.0210975334	-0.0217122333	16.3999996185	3.1100001335	0.6020260453					18.4843727	0.4192555249		1			96.5	4	84.1013412476	26.1272373199	45.7467308044	0	0	214.356552124					0.0024192887	25.4813213348		
India	IND	IND	South Asia	SAS	Lower middle income	0.23160108	15.48	108	66.5625	0.3233475089		59	59	19.9	44.6	59.9666666667	2820.2255859375	6.4831237793	-7.4111709595	0.8908224106		0.0257991262	32.6061592102	3	3.7525	42.5	3234.92	4.9369368553	1545	-0.247348928	0.002827738	17.7291069031	0.1019042656	0.0645678341	0.0200816076	282.1499938965	1	4.1675	4.4075	3.735	3.6275	3.8125	4.22	3.8775	-0.5376780152	-1.2594242334	-0.0667041358	51.6774978638	0.1470856071	0.0127904499	0.1446595043	14.46712	0.0142893596	33.46	0.1097262949	-0.0807917	16.6200008392	2.8899998665	0.8973417878		4			6.2907843019	0.4323314428	4.33	1	0	0	90	3	28.0444145203	23.7184677124		0.5	0.5	19.8696155548	0.6164312959				1.0383301973	0.5022576451	0.0135852313	0.000060568
Indonesia	IDN	IDN	East Asia & Pacific (all income levels)	EAS	Lower middle income	0.27290204	9.94	120.4000015259	20.69483	0.2154875994		60	70	12.9	37.8	32.8333333333	4948.78515625	6.8576731682	-14.6529903412	1		0.0310575311	15.228099823	2	3.415	28.55	4839.95	3.2410955429	8179	-0.102530468	-0.232081992	1.2580943108	0.1393072307	0.0310565718	0.0031030371	422.2199707031	1	3.73	4.015	3.7825	3.955	3.5	3.83	3.5325	-0.7038135409	-0.6906146049	-0.598950386	58.0424995422	0.110283047	0.0830218494	0.2516538501	36.28244	0.0036999234	7.54	0.2224669456	-0.03588205	17.2000007629	2.5399999619	0.0423591733		3.5			3.0581118067	0.409855336	3.5475	1	1	1	93.5	2	64.0977706909	25.2987689972		0	0.5	19.0349655151	1.5913015604				0.7916570306	5.0211181641	0.0076424116	0.013954455
Iran, Islamic Rep.	IRN	IRN	Middle East & North Africa (all income levels)	MEA	Upper middle income	0.4750689667	5.86	128.6000061035				86	53	4.8	7.1	32.9666666667	2311.8500976563	7.9481191635		0.3775888681		0.0105123522	71.07396698		3	53.55	7550.61	2.469794035	1793	-0.357160504	0.855737819	52.1587295532	0.0422082096	0.1364809871	0.0280451886		0	3	3.8	3.33	3.4	3.17	3.33	2.5	-0.8548519969	-1.4384278297	-0.9504423976	54.1599998474									25	2.3899998665						3.2928482465	0.330924958	3.6				100					0.5	0.5	44.2759933472	0.0918493941				0.2908007503	0.7273253202		
Iraq	IRQ	IRQ	Middle East & North Africa (all income levels)	MEA	Upper middle income	0.2242418	24.1	116.4000015259	20.47579	0.0608255602		61	62	7.4	22.6	36.0666666667	1957.2271728516	8.7159996033				-0.0021611038	7.5882158279		3.0025	97.6	6464.21	2.2511563301	2741	-0.703097283	1.079082851	72.3756942749	0.0890367702	0.4232280552	0.073702015		1	3.8725	4	3.44	3.9725	3.5625	3.4375	3.785	-1.2770164013	-2.041192174	-1.5745152235	50.7949981689									84.4000015259	1.8250000477							0.2811780572	3.9075				63		86.9723892212	21.2959289551	5.1050434113	0.5	0.5	15.6643123627	6.7398247719				0.0508659855	1.5632904768	0.0008782531	0.0117715886
Jordan	JOR	JOR	Middle East & North Africa (all income levels)	MEA	Upper middle income	0.1780373	2.5	137.3999938965	1.813323	0.0009327967		82	48	2	8.05	32.0333333333	1450.4865722656	8.4136362076				0.0488414917	26.6394901276	2	5	51.45	1062.13	2.1125464439	133.7	-0.672188153	0.669001657	45.8733215332	0.15482907	0.3975657225	0.0266016684	394.5800170898	0	5	4.5	4	4.75	4.25	4	4	0.1071929842	-0.4639072776	0.3005294204	57.7099990845					0.0016585863	17.56			14	2.5850000381	0.4710696638	1.825		0.000093045	1.15711109174299E-005	8.1579467182	0.4457967579	3.5	0			90	2	94.0268554688	21.6538219452	9.7165288925	0.5	0.5	48.3346366882	14.2344665527				3.0546834469	0.9978175163		0.4769163132
Kazakhstan	KAZ	KAZ	Europe & Central Asia (all income levels)	ECS	Upper middle income	0.2443423	2.5	135.1999969482	0.2576869	0.0009097525		97	39	4.1	13.1	30.3666666667	1133.6474609375	8.2252817154				0.0200410153	36.1455001831	2	3.5	8.7	12214.8	1.2663049698	6662	-0.239616628	1.429018093		0.1389296651	0.2270855159	0.0308492091		0	4	4	3.57	3	2.83	3.5	4	-0.9240659952	0.0233137608	-0.6324106097	60.9249992371			0.0775484666	17.09724		12.26	0.0559909008	0.0211082	79.5999984741	2.6300001144						15.7255766917	0.4071570337	3.5	0			100	3	50.8668365479	32.0246658325	4.9713377953	0.5	0	107.402923584	0.1504875124				4.9330134392	2.2928931713		
Kenya	KEN	KEN	Sub-Saharan Africa (all income levels)	SSF	Low income	0.58277438	23	101.1999969482	55.56746	0.4653347135	18.9566116333	61	56	7	35.2	47.8666666667	1570.2139892578	5.923391819			30.3312759399	0.0106813115	38.7363014221	2	4.0825	1.9	7436.14	2.6859116554	711	-0.298847388	0.192213701	38.9529724121	0.157162264	0.1123692244	0.0357093886	311.4400024414	1	4.75	4.75	3.75	3.9375	4.25	4.0625	4.1875	-1.0262828469	-1.2613227129	-0.9206860662	56.8699989319	0.0149116497	0.0890758485	0.1185125485	20.061955	0.0216892064	19.79	0.2291406393	-0.06817055	26.2000007629	2.1500000954	0.6865029931	1	4	1.09401162262657E-005	3.03864180750679E-006	4.3418722816	0.3924899399	3.6875	0	0	0.5	76.5	2	35.0291252136	31.0459938049	5.1005067825	0.5	0.5	11.033996582	5.8889079094	0			2.2933607101	0.4857417047	0.1648560464	0.9418491125
Kuwait	KWT	KWT	Middle East & North Africa (all income levels)	MEA	High income: nonOECD	0.0391114	2.5	138.1999969482				108	43	2.075	4.05	26.3333333333						0.0083528955		4		100		3.6279859543	6.154	-0.38646627	1.391917696	75	0.2334560007	0.76780653	0.0598195828	301.5									0.1259406298	0.2776724786	0.5068552673	62.2649993896					0.0248787962	5.12			15	3.0749998093	0.0009708738						0.2532206476		0			90	4				0	0									
Kyrgyz Republic	KGZ	KGZ	Europe & Central Asia (all income levels)	ECS	Low income	0.32499426	6.78	120.8000030518	2.183565	0.0639413595		85	54	2.05	20.2	36.2666666667	2703.5856933594	7.2117700577		0.4083588123		-0.0076755115	2.4553070068		3.4175	80.05	8329.65	2.8334634304	4315	-0.695626945	3.484549827		0.01439921	0.0914480686	0.0125350514		0	3.75	3.815	3.25	3.735	3.19	3.5	4	-1.1418696642	-0.9120279074	-1.2244888067	60.5550003052					0.0002551671	7.44			63	2.2899999619	0.1349209398					2.4017525775	0.4700844884	3.565						20.2786979675	34.5140113831	60.3814163208	0.5	0.5	6.3697052002	9.4254646301				2.7853646278	4.1153745651	0.1736039221	
Lao PDR	LAO	LAO	East Asia & Pacific (all income levels)	EAS	Lower middle income	0.5049358	20.52	103.1999969482	43.3224	0.3929949701	19.1875324249	63	72	6.4	43.8	41.6333333333	4055.3212890625	6.1772637367				0.0196474273	25.762550354		2.7525	21.95	3179.9	2.8889009953	50181	-0.534249373	-0.156360163	1.3771996498	0.1853066087	0.0805421919	0.0235131197		1	3.585	3.875	3.25	3.5	3.5	3.46	4.2825	-1.1190914273	-0.0811855897	-0.8946219563	46.9724998474									30.7999992371	2.1750001907	0.5137881041						0.3923280537	3.4375				63.5					0.5	0	8.2280130386	15.4372644424				2.1232852936	2.5291690826	0.0282402746	0.0668805242
Lebanon	LBN	LBN	Middle East & North Africa (all income levels)	MEA	Upper middle income	0.20217186	2.5	128.3999938965				81	39	6.6	16.5	24.0666666667	3055.8273925781	10.3612985611				0.0088105909	29.7559604645		4.5	78.65	794.975	4.2001833916	969	-0.870047651	1.257113372	25.4237289429	0.0946837217	0.1573850811	0.0147958603		1	4.5	4.3125	4.065	4.125	3.8125	4.3775	3.75	-0.8730874538	-1.6246978283	-0.7143217325	62.4300003052									23.2000007629	2.7300000191		0.975		0.0001408743	0.0001813491	1.2436274243	0.3883354068	4.4375				66.5					0.5	0.5	49.3769836426	19.6952285767				2.6850214005			0.1775886714
Lesotho	LSO	LSO	Sub-Saharan Africa (all income levels)	SSF	Lower middle income	0.6348532	11.22	116	43.31555	0.6160174608		74	80	3.9	39	48.3333333333	608.7528076172	5.8207302094		1	45.4392623901	0.0078149592	16.0323600769		3.33	0.95	10304.2	2.9737534523	1473	-0.87912728	1.415288514	35.555557251	0.0286067389	0.3062826693	0.0337942988		1	4.165	4	4	3.625	2.5	4	3.875	0.1697868258	0.3539464295	-0.2698677391	52.1824989319						8.54			33.5999984741	2.1199998856	0.2458068281	0.9	3.67	2.46886816057668E-006	1.25247006508289E-005	19.3604241226	0.5615829229	3.75		0	1	80		7.7234287262	22.5050010681		0.5	0	27.4974803925	4.9987368584	0.3487333655			2.3306312561		0.0046489434	
Liberia	LBR	LBR	Sub-Saharan Africa (all income levels)	SSF	Low income	0.7087757	33.94	106.4000015259	84.86343	0.9174090028	67.5956039429	37	66	5.6	32.1	71.9666666667	1148.66796875	6.5322899818				-0.0244252181	17.3994407654		2.7425	0.6	6540.56	2.2531661987	55370	-0.310027981	-0.230763565	0.1727115661	0.0206024647	0.1870834082	0.0145386392		1	3.35	3.0625	3.25	2.7075	2.6125	2.625	3.1525	-0.5930771589	-0.5788922608	-0.9767528534	44.8699989319						10.81			15.8000001907	2.2049999237	0.3063629568	0.4666666667	2.83	2.1750913674623E-006	4.35072843174567E-006	0.2509772299	0.3094433248	2.6875		0.5	0			67.173866272	19.5371608734		0.5	0	5.0526428223	25.6166038513	0.2934319079	0.010163717	0.0510677882	3.9352600574	111.7628479004	0.1617063731	7.1258835793
Libya	LBY	LBY	Middle East & North Africa (all income levels)	MEA	Upper middle income	0.3313635								6.5	21	30.3	737.7545776367	9.5335235596				0.0259818839				27.3	391.421	1.553609848	113.7	-0.021344045	1.319295476	91.3020858765	0.0432895944	0.1238500252			0								-1.3267840862	-0.7706616908	-1.094844985	33.7200012207									23	1.9650000334							0.2585327625					93					0.5	0.5	186.1727752686	0.6130070686				0.202578932	1.1355817318		
Macedonia, FYR	MKD	MKD	Europe & Central Asia (all income levels)	ECS	Upper middle income	0.25908532		117.1999969482	1.16852			80	37	1.8	4.9	22.7333333333	3287.6918945313	9.2371778488		0.8747403622			71.5854492188		4.75	30.85	2450.61	3.993935585	3039	-0.879085046	0.624830373			0.1284682453	0.030705547			4.75	4.4	4	4.6	3.71	5	4.25	-0.0321628064	-0.4349774301	-0.2523510665	66.0074996948					0.0005103343	12.9			12	2.5749998093	0.3654657304						0.3554843664	4.75				87					0.5	0	73.9881286621	3.547542572				8.458855629	4.5664429665		
Madagascar	MDG	MDG	Sub-Saharan Africa (all income levels)	SSF	Low income	0.6365456333	32.12	97.4000015259	73.70347	0.9952289462	63.044002533	48	79	15.2	49.2	51.4666666667	2662.1696777344	5.2758831978			15.638343811	0.0161896223	4.9703388214	0.5	3.9975	31	7976.95	1.8537780046	15116	-0.005150888	-0.104878261	23.3612480164	0.1175894141	0.1178827733	0.0179451592	287.8500061035	1	3.835	4.1875	3.4375	3.5	4.1875	4.4375	3.0625	-0.4119487017	-0.7692289948	-0.8469448686	47.1899986267	0.062992394	0.1578247547	0.1650080383	23.036025	0.0003827507	14.56	0.5322930813	-0.1602096	22	2.5150001049	0.5951531529	0.2	4.33	4.8485799197806E-006	3.61153070116416E-006	6.0715620004	0.408526212	3.6875	1	0	1	27	1	2.278393507	52.9255638123	22.5046081543	0.5	0	7.1248631477	4.7792515755	0.0452653989			0.6446170807	1.7649809122	0.0199408848	
Malawi	MWI	MWI	Sub-Saharan Africa (all income levels)	SSF	Low income	0.623587725	21.14	111	72.0246	0.8088792562	29.714263916	62	71	2.95	48.3	67	2056.2727050781	5.426817894		0.44137007	34.2297935486	0.0224750978	14.9283895493	1	3.5	2.05	10959.8	2.5680997372	1086	-0.720395597	-0.14545161	24.1502685547	0.2590914071	0.3608222604	0.0671136081	1591.6500244141	1	3.33	4.125	4	3.75	3.75	3.6875	3.625	-0.4624232411	-0.0374461666	-0.1760521248	48.8224983215					0.0001380834	18.67			38.2000007629	2.7799999714	0.5727753043	0.9	3.67	2.46316380980716E-006	1.76428829945507E-006	20.5575593514	0.4949516654	3.8125	1	1	1		1	20.0043964386	20.4950008392	9.018155098	0.5	0.5	23.566608429	12.8533401489	2.2510416508			1.7683801651	0.5662549734	0.0976999477	0.0530699678
Malaysia	MYS	MYS	East Asia & Pacific (all income levels)	EAS	Upper middle income	0.18601126	2.5	124.4000015259		0		79	45		17.2	31.5666666667	3786.1318359375	9.0913686752				0.0349545614	51.9267692566	2.5	4.22	39.9	4144.11	3.7789001465	19836	-0.404862858	-0.269944084	1.8957345486	0.0949610323	0.0511407107	0.013071117	118.5599975586	0	4.78	4.5833333333	3.9166666667	4.3766666667	3.9166666667	4.5833333333	4	0.1719110031	0.0355876606	0.5032464385	77.4225006104	0.0592245497	0.0588128492	0.2699182332	32.34289	0.0006379178	8.88	0.3518284857	0.3055026	12.1999998093	3.4650001526	0.0476946719					16.9414869961	0.3650821149	3.9166666667	1			100	2	97.0532913208	20.8668041229	9.4042081833	0.5	0	490.6862792969	0.1993133128				0.0015160855	20.4191989899	0.0007693416	
Mali	MLI	MLI	Sub-Saharan Africa (all income levels)	SSF	Low income	0.36827802	2.5	136.3999938965	87.73231	0.6534610987		82	68	15.3	42.7	80.5	1496.2668457031	6.702246666		0.5197902918	28.7683811188	0.0280492994	5.7760858536	1.5	4.17	5.5	11879.6	0.5945093632	8079	-0.608727512	-0.10849693	66.5007629395	0.2198016644	0.2840807438	0.0456986874	478.799987793	1	3.875	4.4075	4.2275	3.3975	3.965	3.75	4.5575	-0.6683306456	-0.9341496482	-0.5455760121	47.7574996948	0.044718951		0.2027889043	26.4815095	0.0040826742	14.55	0.0091332998	0.2261171	27.2000007629	2	0.5804511309	0.6	3.67	1.07947407741449E-005	7.52773803469609E-006	0.0896905114	0.5224868059	3.85	0	0	1		0.5				0.5	0	0.2363880128	27.3559474945	0	0.6277648211	0.0014501319	11.2607088089	2.3423705101	0.1808807254	0.2743340433
Mauritania	MRT	MRT	Sub-Saharan Africa (all income levels)	SSF	Lower middle income	0.40003328	6.96	130	72.9239	0.3467528224	27.1703205109	80	51	12.75	25.85	71.6	1205.6246337891	6.936106205				0.0048347784	16.6834392548		3.75	10.85	5600.61	0.0523412339	3003	-0.143074869	0.399459396	85.1205978394	0.0441848412	0.4965421855	0.0183150489		1	3.2325	4.5	3.4375	3.1875	4.25	3.5	4.1875	-0.5910337269	-1.0544689417	-0.8666939974	43.4674987793									34.5999984741	2.3399999142	0.4252539873	0.8333333333	4.33	9.48492106545018E-006	5.50876120541943E-006		0.4827308953	3.375		0	1	13		28.5342960358	16.6077766418	53.1328239441	0.5	0.5	29.3542423248	26.1988506317				4.1057052612			
Mexico	MEX	MEX	Latin America & Caribbean (all income levels)	LCN	Upper middle income	0.3554467	2.5	129.3999938965	8.53556	0.0111149326		86	44	1.6	13.6	26.1333333333	3402.6796875	8.2837114334	-9.0326290131	0.1381748915		0.0185177201	13.6392402649	3	3.835	27.8	2583.45	2.9384095669	3822	-0.293957672	-0.044993563	28.4506549835	0.0156984478	0.0491413549	0.0104681924	194.1799926758	0	4.3525	4.25	4.25	4.58	4	4.44	4.455	-0.3918042362	-0.7079699039	-0.5747125983	68.1200027466	0.0969916284	0.0641482025	0.0329326317	6.402992	0.0085480986	19.73	0.0215744004	0.0244921333	12.1999998093	2.9900000095	0.5053067803					13.3646626113	0.4851792455	4.645	1			90	3	87.2782592773	22.3701019287	67.5296325684	0.5	0.5	221.8689727783	0.1804523021				0.7095770836	21.0955295563	0.1571081877	
Moldova	MDA	MDA	Europe & Central Asia (all income levels)	ECS	Lower middle income			115	1.005239	0.0067852912		72	46	1.9	6.4	29.2	2436.6713867188	7.4765677452	-6.1247735023			0.0272280358	14.8873100281		4.29	12.6	4112.74	3.6342611313	3315	-0.778721061	0.294455983		0.0322917253	0.2555589974	0.0480449535		1	4.585	4.4375	4.25	4.6875	4	4.5625	4	-0.6627207637	-0.2131947245	-0.4017110288	60.1500015259					0.0015189174	10.56			23	2.2449998856	0.3907904625					12.4287117073	0.4324494898	4.375				67		43.0385322571	24.2692184448	25.438331604			27.518989563	14.9137763977				2.4451758862	7.0164289474		
Mongolia	MNG	MNG	East Asia & Pacific (all income levels)	EAS	Lower middle income	0.336438875	23.56	105.8000030518	19.43475			78	47	1.4	13.2	25.4666666667	1461.7408447266	7.9831175804				0.0036944255	76.7560501099		2.7233333333	13.55	10965.4	1.1470009089	12446	-0.512930464	4.265605811		0.0973526016	0.3892302513	0.0826608688		0	3.9433333333	4	3.25	3.48	3.0433333333	3.9366666667	3.5	-0.6288385212	0.551779747	-0.342599678	60.1575012207					0.0003827507	5.1			42.2000007629	2.0799999237	0.0075153988					3.8365391785	0.4183811545	3.5433333333				60		92.1320114136	21.7837944031	16.4857902527	0.5	0	36.06199646	25.6165046692				6.1208043098		0.0736991689	
Morocco	MAR	MAR	Middle East & North Africa (all income levels)	MEA	Lower middle income	0.3158875333	3.6	141.1999969482	31.21222	0.1001817435		94	61	2.3	14.9	35.1	1585.2368164063	8.3034276962	-8.8554344177			0.0474780354	31.5396595001	2	4.33	18.55	2410.66	2.5715508461	891.7	-0.459963022	0.533908509	44.1138954163	0.1396417171	0.448851496	0.0313801058	274.2449951172	1	4.33	5	3.88	4.1875	4.1875	5	4	-0.3349581927	-0.4300577164	-0.2035448492	61.9500007629	0.4523308873	0.3119521141	0.5635774732	61.90692	0.000893085	40.7	0.1373126954	0.3345467	11.8000001907	3.1400001049	0.7521644831	0.475		1.63277290994301E-005	2.41211273532826E-006	4.8555838664	0.3252030909	4.315	0			100	3	50.6119804382	22.5096340179		0.5	0.5	40.687953949	10.4702882767				6.8511395454	2.3254110813		
Mozambique	MOZ	MOZ	Sub-Saharan Africa (all income levels)	SSF	Low income	0.4710301	28.72	108	83.90442	0.6320300102	36.4890060425	45	73	6.1	43.1	66.9666666667	875.9167480469	5.5810456276		0.9869398475	6.2589063644	0.0071168691		1	3.6675	2.1	8425.48	1.3335040808	8614	-0.269086551	-0.133244965	17.4864578247	0.1985530108	0.1674886644	0.075391382	365.1499938965	1	4	4.3125	3.875	4	3.6875	3.8125	4	-0.5180407286	0.2594095111	-0.6168614388	51.7075004578	0.142170608	0.0787942559	0.2027701586	58.50634	0.0002551671	13.81	0.2166654468	0.20154965	23.3999996185	2.0399999619	0.577047348	0.3666666667	4	1.35057939587568E-006	5.82840766583104E-006	3.8198712089	0.4258547425	4.125	1	0	0.5	53.5	1	9.1937437057	28.6830768585		0.5	0	7.7348761559	11.7286434174	23.1435909271		0.1158740222	1.7837361097	3.3666343689	0.1146674752	0.319231987
Myanmar	MMR	MMR	East Asia & Pacific (all income levels)	EAS	Low income	0.39382865	17.02	109.8000030518				79	52	7.9	35.1	39.6666666667	3662.1489257813			0.8480587602		0.0544734052		1	2.6675	21.3	2538.48	1.6350382566	22122	-0.345574266	-0.074494733	5.4131054878	0.269490689	0.0767114758	0.0474560447	361.3900146484	1	2.0825	2.5475	1.955	2.265	2.8125	2.3275	2.08	-1.4437028646	-1.1572040915	-1.3980343103	41.5900001526						8.6			25	2.0099999905	0.4406771958		2.83			1.5774919276	0.1251296252	2.0325	1	0	1	100	1				0.5	0.5	3.9268686771	1.343406558				0.0006331186	1.040070653	0.0029403621	0.3566895127
Namibia	NAM	NAM	Sub-Saharan Africa (all income levels)	SSF	Upper middle income	0.4331497	40.18	89	61.46301	0.3128298521		59	55	7.1	23.1	49.4666666667	410.8281860352	7.7687034607			32.2195777893	0.002596478			4	1	11599.7	1.6913427114	17667	-0.752230982	0.621337556	50.9231071472	0.0444955938	0.2006978095	0.0632854253		0	3.67	4	4	3.5	3.75	4	3.75	0.2935411841	0.893243432	0.2118230075	63.3925018311						8.54			24	2.2150001526	0.2458068281	3.1333333333		9.48278102441691E-006	2.70420641754754E-005	14.9790202869	0.258688122	4						21.614397049	34.2188873291		0.5	0.5	112.831703186	13.5705184937	0		0.0212490801	0.0472859293	20.079372406		0.8750129938
Nepal	NPL	NPL	South Asia	SAS	Low income	0.28225116	8.7	121.8000030518	48.42425	0.2561112344	14.5122375488	65	70	11.2	40.5	52.2	2483.8911132813	5.5780339241	-9.4933004379	0.979575634		0.0205603778	22.2302494049	1	3.5	60.05	2944.97	2.1954715252	7651	-0.725551279	0.099681666	2.5142858028	0.07774093	0.0576001294	0.0317718945	725.700012207	1	3.955	3.8475	2.785	3.5625	3.53	3.8775	3.035	-0.7089217424	-1.4313313007	-0.8813151956	59.5550003052					0.0010206685	13.78			41.2000007629	1.8350000381	0.2647402585	0.275	3.08	2.89340459858067E-006	1.87648697647091E-006	4.3605513787	0.3543039858	3.845	1	1	1	66.5	1	51.1841812134	24.6568832397	3.7544314861	0.5	0.5	8.903008461	4.6834340096				0.559071064	0.0391348004	0.0127197281	0.8000902534
Nicaragua	NIC	NIC	Latin America & Caribbean (all income levels)	LCN	Lower middle income	0.48311796	18.62	115	32.81285	0.1271823198		65	51	1.5	25.2	18.2333333333	2050.4206542969	8.1849050522	-8.645362854	0.3283344507		0.0317400765	10.2607297897	2.5	3.52	12.7	3902.08	2.8512067795	27453	-0.284658103	-0.210532865	0.8797653913	0.1436720341	0.057680469	0.0112846997	311.5	1	4.665	4.445	3.91	3.675	3.3125	3.83	4.045	-0.7498009562	-0.3459555298	-0.7470330715	56.0950012207	0.1244407445	0.1739553958	0.0458859503	29.62605	0.007017096	10.85	0.4273232818	0.25373315	24.2000007629	2.2300000191	0.4516808987	0.4		4.28153271059273E-006	1.54390945681371E-005		0.4228479266	3.8925	1			80	1	55.106212616	30.5786113739		0.5	0.5	18.3631668091	29.3653869629			0.0057642078	2.5261182785	25.1623439789	0.0775487199	0.2160625309
Niger	NER	NER	Sub-Saharan Africa (all income levels)	SSF	Low income	0.71845196	10.3	123.1999969482	96.19228	0.4625916183	43.1180114746	81	61	18.7	43	76.6	438.075592041	5.4515628815			13.4145536423	0.019451827	0.8434082866	0	4	0.6	13096.8	0.4108354449	1985	-0.326879403	0.348158966	88.6658935547	0.1890584379	0.1414899975	0.0425607339	341.549987793	1	3.5025	4.63	3.035	3	3.25	3.5625	3.88	-0.6190620065	-1.1320171475	-0.5816367388	41.7675018311						14.55			58.5999984741	2.3650000095	0.5804511309		4			8.2545226655	0.4729553461	4.0625	1	0	1	75	0	2.7808489799	19.1660614014		0.5	0.5	11.4206066132	8.7567777634	0			2.4753031731		0.0996509492	1.7012768984
Nigeria	NGA	NGA	Sub-Saharan Africa (all income levels)	SSF	Lower middle income	0.5540682	6.36	124.8000030518	69.97663	0.7332079411		64	66	14.15	36.2	71.7	1467.1613769531	8.3460607529			25.9083347321	0.0068591026	22.7071990967	1	4.105	0.9	12494.5	3.04043293	1695	-0.300575338	-0.28231982	26.7747344971	0.0439567566	0.086291343	0.0420498364	443.0579833984	0	3.655	4.095	3.345	3.35	3.625	4.2625	3.6175	-1.0882763386	-2.0459638357	-1.1771434784	43.2775001526	0.1150432974	0.1148978546	0.0487475023	34.004895		15.56	0.5122644901	0.1011512	23.9799995422	2.3499999046	0.6078947783	0.2666666667	3.25	4.44578836322762E-006	8.56232782098232E-006	1.6001340474	0.3493725061	3.2325	1	1	1	60	0	1.0363029242	11.915599823	0.8871750832	0.5	1	10.9241704941	1.5519211292	0		0.0017049692	1.126281023	1.3446940184	0.0374483392	
Oman	OMN	OMN	Middle East & North Africa (all income levels)	MEA	High income: nonOECD	0.1997631	4.84	127.1999969482				88	38	7.1	9.8	41		7.4853854179				0.0196156695	74.1578521729			100	2284.92	2.9414184093	422.5	-0.056097433	0.416166923	79.113571167	0.0357021652	1.0334982872	0.0412697382										0.1457322829	0.5466512799	0.5956616282	67.1575012207					0.0021689206	5.62			10.8000001907	3.0099999905	0.0274390262	5.425		0.000082125	9.59929384407587E-005		0.1714238822					86.5					0.5	0.5									
Pakistan	PAK	PAK	South Asia	SAS	Lower middle income	0.33591824	21.88	108	55.69641	0.2694278955		64	50	12.65	44	60.1	2698.2163085938	6.9672951698		0.6572827697		0.0071429704	6.7102217674	2	3.7725	97	6444.98	3.4934129715	1378	-0.489560321	0.189041396	40.7736320496	0.0582685024	0.057059031	0.0351437069	383.1799926758	1	3.9175	3.75	3.41	3.565	3.345	4.125	3.7825	-1.0323360324	-2.6786905289	-0.8560043931	56.8125	0.0456573516	0.1645016074	0.0835199505	17.027035	0.006761929	15.38	0.0916471034	-0.0049195	21.3400001526	2.3849999905	0.4993422031		4			2.5359021805	0.3955672085	3.595	1	0	1	50	1	11.6142616272	17.5784549713	11.3636188507	0.5	0	5.7345585823	1.8587598801				1.0093319416	0.194318518	0.000656416	0.0226118099
Panama	PAN	PAN	Latin America & Caribbean (all income levels)	LCN	Upper middle income	0.34228234	12.2	117.1999969482		0.0656571835		75	45	1.2	19.1	32	2342.8215332031	8.2450656891	-7.597383976	1		0.0107966702	22.6834907532	1	4.2233333333	5.95	2672.79	2.9767446518	36639	-0.490433459	-0.218442288	3.9800994396	0.0183652453	0.1466238648	0.0168547705	111	0	4.7233333333	4.31	3.8366666667	4.0833333333	4.23	3.94	3.46	-0.3516110063	-0.0790803429	-0.141194484	66.0074996948					0.0010206685	12.33			10	2.7850000858	0.4150153995	0.8		8.11464178696042E-006	1.80945735337446E-005	7.3536439978	0.7082106471	4.0233333333	1			90	2	80.9334106445	23.059173584	9.383518219	0	0	81.1589202881	2.2616252899			0.0187606271	1.2925086021	6.8777236938	0.040738605	
Paraguay	PRY	PRY	Latin America & Caribbean (all income levels)	LCN	Lower middle income	0.23863282	11.8	112		0.0659509748		67	44	1.1	17.5	26.5333333333	3203.0075683594	7.8435869217		0.0210607722		-0.0002668563	13.2563800812	1.5	3.8725	2.35	9657.72	2.0646755695	57993	-0.432182281	-0.209681871	4.29737854	0.1607058793	0.2399969101	0.0266485624	305.2799987793	0	4.21	4.2025	3.9375	3.6725	3.875	4.0025	4.3125	-0.8321420312	-0.7689437389	-0.8820290446	61.1650009155					0.0007655014	10			33	2.4250001907	0.1481051594						0.3675103784	3.6275	1			66.5	2	62.028137207	23.9210414886	18.9297657013	0.5	0	51.0800361633	9.0783414841			0.0712890327	2.1585550308	16.1301498413	0.0026213953	
Peru	PER	PER	Latin America & Caribbean (all income levels)	LCN	Upper middle income	0.42751628	9.88	117.4000015259	27.12745	0.0634960607		72	57	0.575	21.3	35.8	3992.9020996094	7.51907444				0.0369067108	14.3009395599	2	4.34	61.35	7824.87	2.0217914581	63159	-0.316722188	0.285910428	15.9250268936	0.1486082077	0.0550171658	0.0164459627	165.3599853516	1	4.915	4.8325	4.155	4.275	4.305	4.6425	3.77	-0.334937191	-0.9079151988	-0.6189493299	69.4000015259					0.0340648107	3.97			13.8000001907	2.6950001717	0.0209880769		3.67			2.6058309468	0.4922145009	4.2175	1	0	0.5	93	2.5	87.2639160156	22.3614292145	22.0281257629	0.5	0	36.9800033569	13.3628454208			0.0110580893	14.3449010849	6.0834307671	0.1437311023	
Philippines	PHL	PHL	East Asia & Pacific (all income levels)	EAS	Lower middle income	0.63051742	13.64	117.4000015259	13.66812		65.6578140259	60	59	7.3	33.6	34.8333333333	3365.1684570313	7.0099220276		0.7777457237		0.0230025014	18.8170394897	2	3.625	28.8	3199.14	4.2086677551	4953	0.160134385	-0.218354628	1.2758201361	0.0673601702	0.0577937625	0.0152811138	171.0350036621	1	3.9775	4.8275	3.5775	3.9375	4.205	4.455	4.4225	-0.6513867497	-1.3906643867	-0.5387030065	55.2400016785	0.138229847	0.1055678502	0.1630805433	34.9627	0.0154376114	9.91	0.165772602	0.16679545	15.1999998093	2.6849999428	0.2278286219		4.08			7.6081849432	0.5219848752	3.7825	1	1	1	53.5	2				0.5	0.5	30.2949180603	2.0298304558				0.4949064553	5.3592038155	0.0004220531	
Qatar	QAT	QAT	Middle East & North Africa (all income levels)	MEA	High income: nonOECD	0.155155425										25.7666666667				0.0593224354		-0.0255520628	53.0560684204			97.5		4.4185152054	28.28	-0.19400682	1.256445385	94.0298538208	0.0845408365	0.2709897161	0.0657013953										1.3599146843	1.1845463753	0.9749639392	69.1149978638					0.0570298545	5.43			19.3999996185	2.9900000095	0.0197334606						0.5053527951					90					0.5	0.5									
Romania	ROM	ROM	Europe & Central Asia (all income levels)	ECS	Upper middle income	0.43417128		135.1999969482				106	45	3.5	14	27	3274.5886230469	9.176068306		0.5598637462		0.0015079655	37.4048881531	3.5	4.25	35.1	4800.61	3.8295245171	9740	-0.440776248	0.551727068		0.0352890231	0.2819670737	0.0432494469	360.6199951172		4	4.2	3.44	4.6	3.57	3.75	4	-0.2295566767	0.1976652369	0.0488910481	64.3549957275	0.035911534	0.0101001663	0.029824201	8.41293	0.0143606737	13.220000267	0.0475207008	-0.0087747333	13	2.3800001144						14.5424730451	0.4026731849	4	1			93	3	79.7790985107	28.4475879669	19.8398933411	0	0	214.4020690918					2.6345005035	21.8481235504	0.0018463045	
Rwanda	RWA	RWA	Sub-Saharan Africa (all income levels)	SSF	Low income	0.4295684	34.66	102.4000015259	73.21408	0.7295030355	25.4119663239	53	50	3	44.3	38.5666666667	2025.1010742188	5.6860413551			6.4816355705	0.0190770073	31.9064006805	1.5	4.415	0.8	13083.2	3.8189880848	1161	-0.816133089	0.155888458	22.2929935455	0.2359429449	0.3905812204	0.0456354059	694.6450195313	1	4.415	4.0625	4.5	4.5	4.625	4.3125	4.625	0.4653039902	-0.2185932964	-0.3030253798	60.8175010681					0.0019331677	19.63			31.3999996185	1.7549999952	0.6541102529	0.6333333333	4.33	2.58431873589871E-006	5.23489552506362E-006	6.1323402905	0.4494336843	4.6875	0.5	0	1	33	1	0.5185929537	6.2966804504	2.439416647	0.5	0.5	11.3989362717	14.3597660065	0			1.9220180511	0.9888923168	0.0015123744	
Saudi Arabia	SAU	SAU	Middle East & North Africa (all income levels)	MEA	High income: nonOECD	0.20070562	2.5	134.1999969482				84	48	11.8	9.3	39.5	4913.9780273438	10.0428447723	-8.7059679031			0.0488174866	46.5604400635	3		51.1		1.956261158	84.84	-0.018988207	0.994949059	81.5611419678	0.0405950435	0.1752955765	0.0061643017	363.6600036621									-0.0798308672	-0.4103033572	0.2123665005	73.2900009155					0.0569022708	5.96			13.3999996185	3.2449998856	0.0068969275						0.4877666235		1			100	4				0.5	0.5									
Senegal	SEN	SEN	Sub-Saharan Africa (all income levels)	SSF	Lower middle income	0.46213098	17.58	103	78.58454	0.4146686494	23.8062133789	60	60	9.1333333333	21.1333333333	79.4	1157.2600097656	5.9256496429			50.1632766724	0.0200502422	4.2385997772	1	4.58	3.35	5669.85	2.0217823982	2839	-0.439954785	-0.310579194	22.0919742584	0.1315014362	0.2156270742	0.0841790587	368.5599975586	1	4.67	4.875	3.5	3.63	4	4.25	4.42	-0.4677249849	-0.2245507389	-0.3715089738	43.0449981689	0.0050081001	0.2949391901	0.1596703976	10.43851	0.0001275836	14.55	0.3126938939	0.2281241	12	2.4749999046	0.5804511309	0.8	4.17	9.39287019718904E-006	2.07420885089959E-006	21.586571378	0.4672073424	4	0	0	0	40	0	6.7680792809	19.9735889435	9.2774496078	0.5	0	60.6268310547	18.8631286621	0		0.1369434148	2.7417488098		0.0013378224	1.6771080494
Serbia	SRB	SRB	Europe & Central Asia (all income levels)	ECS	Upper middle income	0.2555728		108.8000030518	0.4983841			81	40	3.5	6.6	26.2	4442.2265625	8.3691635132	-7.6297664642	0.7629938722			52.7402191162	3.5		2.75		3.9030036926	16979	-0.846562156	0.331486832			0.203341037	0.0190742612	405.450012207	0								-0.2856506079	-0.3105213687	-0.378217268	60.1025009155						13.93			12.8000001907	2.4600000381	0.4963924885					7.2465899218	0.3858050704		0				3	20.1049880981	30.4559955597	21.8530864716	0	0	76.1696853638	3.4745049477				0.0168889053	44.468963623	0.0028271233	
Sierra Leone	SLE	SLE	Sub-Saharan Africa (all income levels)	SSF	Low income	0.6714633667	25.44	109	92.03021	0.7110536695	52.9746856689	55	63	9.3	41.4	74.7666666667	1697.4499511719	6.7755255699			4.6164302826	0.0364857825	13.7616596222	1	3.835	1.85	6733.45	2.7595758438	26760	-0.345050136	-0.227432871	0.4395604432	0.3917869031	0.2326821089	0.0489538163	244.0350036621	1	4.115	4	3.75	3.13	3	3.845	3.88	-0.8757166386	-0.2280598909	-0.8983044028	45.4375						15.42			25	2.0550000668	0.6641452312	0.2	4	3.73147213394986E-006	3.13546274810506E-006	1.0223980015	0.2258490026	3.75	0	1	1		0	35.1559715271	24.063205719	0.0003491064	1	0.5	2.151548624	14.5212955475	0	1.54332757	0.0296479333	0.0517528765	9.4249267578	0.1555286199	0.7750088573
Somalia	SOM	SOM	Sub-Saharan Africa (all income levels)	SSF	Low income	0.358342825			96.91586					19.3	42.1	57.1666666667	720.5223999023					0.0133802274			4.25	18.2	4685.53	1.2429425716	1442	-0.206687131	0.27277035	60.0748252869	0.0332197137	0.3696325421			1	4.5	5.2	4.11	4.4	4.14	4.25	5	-1.6665020943	-3.0187538147	-2.4406738281											1.5							0.2967571616	3.67				7					0.5	1	0.0299603511	5.8591833115	2.6803598404			0.0028806129		0.0210710205	0.0456594788
South Africa	ZAF	ZAF	Sub-Saharan Africa (all income levels)	SSF	Upper middle income	0.52365242	2.5	128	19.76797	0.1361322403		82	53	7.4	32.8	40.4	3998.7629394531	8.725151062				0.0325452926	43.5833511353	2	3.7525	12.9	11512.7	3.4011974335	980.2	-0.199658992	0.297934836	49.449016571	0.0635223687	0.2205108851	0.0227588527	118.3700027466	1	4.67	4.25	4.2825	4	4	3.9075	4.0625	-0.0017159283	-0.0358074538	0.1070759922	70.1725006104	0.0038749501	0.042285949	0.0034841001	1.655803	0.0102066854	8.41	0.0202202499	-0.0043303	21.3999996185	3.6050000191	0.2458068281	2.1	3.33	1.03767515611253E-005	0.000017375	6.3340620939	0.3642751873	4.5625	1	0	1	70	3	0.8640840054	22.3937530518	94.2653198242	0.5	0	26.7241077423	0.9752460718			0.0021551203	0.0338036492	4.925467968	0.0918348059	
Sri Lanka	LKA	LKA	South Asia	SAS	Lower middle income	0.44847996	24.52	110.5999984741		0.0446721204		57	58	16.6	16.95	35.4	3792.31640625	6.863483429				0.0168376822	68.8245620728	2	4.1225	46.55	2803.55	5.1584558487	2503	0.104049712	-0.232439052	1.0752688646	0.0686202049	0.0435043462	0.0246845447	358.3800048828	1	3.855	4.0625	3.5925	3.485	3.1275	4	3.845	-0.3221904546	-0.855832541	-0.1187369034	57.8149986267	0.1105583459	0.2625114918	0.1039316952	36.375805	0.0007655014	25.68	0.45883286	-0.17332555	20.6000003815	2.1900000572	0.8215696812					6.8455916205	0.3402574956	3.5775	1			83.5	2	59.3127937317	35.7758674622	6.7605681419	1	0	33.0602073669	3.6578814983		0.0642542094		1.9284164906	2.4303450584	0.009083475	
Sudan	SDN	SDN	Sub-Saharan Africa (all income levels)	SSF	Lower middle income	0.444676425	24.3	107	68.87466	0.2409119755		75	47				532.9207763672	7.1638498306			21.9061279297	0.005846738	5.2453689575	0	3.7075	10.6	10964.6	-0.7446587086	1016	-0.427820947	-0.225679222	50.9692993164	0.0621655658	0.1212757826	0.0274108406		1	3.5825	3.8475	3	3.505	3.6575	3.785	3.845	-1.3390609741	-2.4623711586	-1.2426216602	50.0025024414	0.0502243973	0.0500786006	0.1032546461	41.097595		30.32	0.129805997	0.0747253	32	1.8949999809		0.2	3.67	1.34347174025606E-005	1.51106378325494E-005		0.4991214573	2.66	0	0	1	40	0				1	0	20.374879837	2.677243948	0			3.1070940495	4.6041436195	0.0009410245	0.0266994815
Swaziland	SWZ	SWZ	Sub-Saharan Africa (all income levels)	SSF	Lower middle income	0.4887429	25.14	98.8000030518	24.59685	0.4486067593		56	59	0.8	31	43.5	1156.3414306641	7.1922774315			65.9211502075	0.0117562979	28.2696895599		3.415	28.6	9194.71	2.8846590519	3664	-0.755592091	0.024832853	18.75	0.0091642141	0.2832815051	0.0227280743		0	3.67	3.625	4.125	2.625	3.625	4	3.5625	-0.269756192	-0.2776394475	-0.4893242955	57.7249984741					0.0002551671	8.54			18.3999996185		0.2458068281	1.7		1.29223208205076E-005	7.97938901087036E-006	12.5651758445	0.2608653903	3.875				47		72.658996582	23.6008377075	23.0315341949	0.5	0.5	81.1739120483	10.1822576523				6.7582988739	48.5058670044	0.1463773996	6.5682172775
Syrian Arab Republic	SYR	SYR	Middle East & North Africa (all income levels)	MEA	Lower middle income	0.3792896			6.018139	0.0181035269				11.5	27.5	36.7666666667	1567.6788330078	8.4629259109				-0.0012172853	21.3902606964	1	4.1225	29.05	2469.24	3.6180882454	767.5	-0.709613733	1.097911425	58.6145629883	0.094818227	0.3320016265			1	4.25	3.9725	3.75	4.38	4.69	3.9375	3.625	-1.12137537	-1.7383947849	-0.8516781867	51.1849975586						24.04			16	2.4949998856						5.3396550168	0.402777791	4.47	0			83.5	0				0.5	0.5	55.4220161438	2.3217535019				2.4853432178	0.2668282688	0.0150193255	0.0586735308
Tajikistan	TJK	TJK	Europe & Central Asia (all income levels)	ECS	Low income	0.32683336	35.82	94.5999984741	15.62609	0.0673858449		52	62	7.1	27.8	29	2889.02734375	6.8942298889				0.0308129446	1.6529510021	1	2.835	89.45	12469.6	2.9693255424	2736	-0.521203631	2.56756927	0.7853403091	0.2060472816	0.1451906711	0.0302913338		1	3.77	3.8125	3.0625	2.9525	3.5625	3.72	3.5625	-1.1681341648	-1.0561552048	-1.2065667391	43.7050018311						10.61			71	2.0149998665	0.3182527423						0.2400491834	3.7025	0			80	1	16.5659980774	28.7111949921	1.0622910261	0	0	13.280257225	5.941839695				0.8970674276	0.0668920428	0.0007838327	0.2696384788
Tanzania	TZA	TZA	Sub-Saharan Africa (all income levels)	SSF	Low income	0.5012138	33.52	103.8000030518	74.69051	0.5161751509	21.2190761566	55	57	4.7333333333	40.1	62.8	1376.2982177734	5.8619480133	-12.4296255112	0.8799999952	16.9581260681	0.0130350565	13.9187498093	1.5	3.585	1.45	8401.22	2.2169749737	2015	-0.319676777	-0.1146979	22.6507854462	0.1640310585	0.2986136675	0.0305789672	373.0650024414	1	4.085	4.5	4.125	4.1875	4.8125	4	4.3125	-0.6489915848	-0.0253528457	-0.5131983519	55.2549972534	0.0421936996	0.0525512025	0.1399550438	40.39492	0.0056136767	20.02	0.2141532451	0.13938835	20.3999996185	2.2049999237	0.6729212403	0.6	5	5.14226849190891E-006	6.12020903645316E-006	7.8516510294	0.525939405	4.375	0	0.5	1	56.5	1	78.4563217163	20.2034244537	5.8508529663	0.5	0.5	16.5244369507	5.750210762	0		0.0039020439	2.6932008266	1.1623789072	0.1100986153	0.1297930479
Thailand	THA	THA	East Asia & Pacific (all income levels)	EAS	Upper middle income	0.13088154	8.6	113.4000015259	2.135718	0.0042411131		59	50	6.7	16.3	28.5666666667	3060.0571289063	6.9934973717		0.7727124095		0.0193277194	68.3415527344	3	5.0825	40.4	4671.32	3.5579116344	6567	-0.424292569	-0.25493164	6.4093961716	0.0380896404	0.0332149938	0.0267444868	140.9850006104	1	5.4175	5.0625	4.3125	4.8125	4.5	5.0425	4.5625	-0.3116545498	-1.2999210596	-0.1872323006	76.0224990845	0.0801934525	0.00479925	0.2168492377	36.84246	0.0131411077	29.93	0.3082426786	-0.0583769	14	3.1199998856	0.6506861448					10.655365725	0.3575617373	4.6275	1			96.5	2	87.5914001465	23.4776763916	2.7481701374	0.5	0.5	95.6429748535	0.3019624054				0.2300058454	1.997202158	0.001805404	0.002407538
Timor-Leste	TMP	TLS	East Asia & Pacific (all income levels)	EAS	Lower middle income		30.08	103.8000030518	77.03218	0.3608681262		55	70	18.9	57.7	43.7666666667	2271.828125	5.9431109428				0.0071916987			2.92	22.8			7374	-0.542318327	-0.104379977	1.4084507227	0.0727296919	0.2656677663	0.0460592359		0	3.1275	3.375	3.155	2.625	2.6575	2.6575	2.8125	-0.9666849613	-0.4408663929	-1.2293059111	42.6500015259						2.5			28	1.6699999571							0.2842409313	2.9375				96.5		25.4405918121	21.1681594849	1.2033833265	0.5	0.5	17.2135925293	39.4619369507			0.3387998343	0.8886189461	5.2970352173		4.8010997772
Togo	TGO	TGO	Sub-Saharan Africa (all income levels)	SSF	Low income	0.7455425	16.78	115.1999969482	68.55372	0.6565089822		55	72	4.8	29.8	71.8666666667	1229.6330566406	6.3485765457			11.7336597443	0.0211374943	7.6915011406	1	3.0666666667	0.3	8874.61	3.0212876797	2213	-0.753289311	-0.220135106	23.5795459747	0.0833527371	0.0363629945	0.0256773029	885.4300537109	1	2.8666666667	3.1266666667	2.65	2.96	2.75	2.96	3.25	-1.0119334221	-0.2807140291	-0.9189144731	40.7700004578	0.0334096514		0.1095959991	40.508335		14.55	0.3481707275	-0.32020995	24	2.1400001049	0.5804511309	0.3666666667	2.33	7.88168017606949E-006	2.26809288506047E-006	1.2488847916	0.4248716533	3.1266666667	0	1	0	47	0				0.5	0.5	10.5976982117	5.2440671921	0			1.2240056992			
Trinidad and Tobago	TTO	TTO	Latin America & Caribbean (all income levels)	LCN	High income: nonOECD	0.33952155	9.22	119.5999984741	5.658374			76	37	5.2	5.3	38.8333333333	1609.4013671875	7.5637068748		0.4410283566		-0.0100864572	75.9220581055		3.83	28	0	5.0887269974	2872	-0.27797457	-0.173322747	3.0303030014	0.0285116676	0.0926198661	0.0289845988			3.92	4.38	3.81	4.06	3.63	3.88	4.13	-0.2993151516	0.0380595438	-0.2114925116	62.9475021362					0.0012758357	19.45			12.8000001907		0.5092307329	7.075		0.000014976	2.63155470747733E-005		0.5753149986	5				87					0	0									
Tunisia	TUN	TUN	Middle East & North Africa (all income levels)	MEA	Upper middle income	0.16833874	2.5	143.3999938965	3.179089			97	53	2.8	10.1	28.8	1731.2667236328	8.3743543625		0.2526800036		0.0110676053		2	5.2475	16.25	2160.66	2.4730751514	424.4	-0.432470499	1.086798889	67.627494812	0.0502040647	0.1986021996	0.0484681316	253.0249938965	0	5	4.5	4.19	4.2825	4.66	3.7225	4.2825	-0.147044979	-0.4010294169	-0.0308496088	68.3150024414					0.0012427507	32.99			13	2.7200000286	0.8796513081	0.65		8.68172210175544E-005	4.87231845909264E-005	15.3645711944	0.4310925603	4.625	1			76.5	2				0.5	0.5	168.0020294189	5.1906762123				12.7606077194	11.9936294556		
Turkey	TUR	TUR	Europe & Central Asia (all income levels)	ECS	Upper middle income	0.36662124	2.5	155.3999938965		0.0094212014		103	47	1.7	9.5	30.1	2930.9816894531	8.7377662659	-10.5803022385	0.4202434421		0.0224612999	59.5169715881	3	4.7525	24.85	2952.08	3.8459200859	2860	-0.430207686	0.614776126	4.3095312119	0.034987852	0.1072967723	0.0203605797	542.0800170898	0	5	4.4375	4.1875	4.75	5	3.875	4.75	0.0882549684	-1.0594337344	0.0829129107	66.5374984741	0.3278810084	0.291156888	0.3033278584	49.1390466667	0.0036999234	42.38	0.1568666399	-0.1124639333	13	3.3499999046	0.6609374881	0.525		5.51581761101261E-005	1.17311019494082E-005	7.5849079853	0.3397291601	4.8125	1			40	3	76.3735961914	38.6849861145	10.9886198044	0	0	398.1481323242	0.5111066103				2.0549740791	23.9659061432	0.0008213474	
Turkmenistan	TKM	TKM	Europe & Central Asia (all income levels)	ECS	Upper middle income	0.12092275	2.5	125.1999969482				92	59	7.1	28.1	32.1	2158.8393554688	7.7299451828				0.0007235165	0			100	13071.3	1.5927037001	4788	-0.559428125	0.556173769	15.4945058823	0.1224386245	0.2068011612	0.0554804206		0								-1.4057134628	0.2823821604	-1.404771471											2.2400000095							0.2303312719										0.5	0	33.0727348328	0.2606492043					0.7477532029		
Uganda	UGA	UGA	Sub-Saharan Africa (all income levels)	SSF	Low income	0.56483556	25	108.8000030518	77.07235	0.4160712063		51	45	4.8	33.7	59.0666666667	2053.244140625	5.3949456215			18.8815860748	-0.0261375653	19.49766922	2	4	0.2	12348	3.3771896362	1654	-0.497222125	-0.232161753	6.0926074982	0.0276848283	0.1389077902	0.0142513392	915.75	1	4.165	4.25	4.125	4.5	3.5	3.75	4.0625	-0.9443427801	-0.9410633802	-0.3739726067	50.0550003052	0.169837296	0.3360578716	0.1971331686	25.7465466667	0.0648124516	19.96	0.2429156005	0.1645396667	32.4000015259	2.3499999046	0.6728883982	1.1	4.33	3.71950136468513E-006	0.000000846	2.8363883309	0.3968213499	4.4375	0	0.5	1	70	2	77.6191711426	21.1643009186		0.5	0.5	4.0502896309	6.4717965126	0.0548349805			2.8367016315	0.6038753986	0.1222365126	0.072984226
Ukraine	UKR	UKR	Europe & Central Asia (all income levels)	ECS	Lower middle income	0.2835832		126.1999969482	1.771655			86	42	0.3	22.9	26.5	3346.8679199219	8.3338479996	-9.3715143204			0.0528284212	33.0220718384	3		6.7	4843.5	3.3354458809	3066	-0.570699012	0.837269213		0.1187645793	0.1972075552	0.0305063576	267.3599853516	1								-1.0197720647	-0.2549239181	-0.8070282578	44.9274978638	0.029898949	0.0141646992	0.0639542043	29.69116	0.0117376884	9.2	0.3778414428	0.14091675	29.7999992371	2.5650000572	0.2641023099					8.1800296329	0.340893805		1				3	54.414478302	20.6870384216	16.4370079041	0	0	51.2772293091	0.9079938531				0.0002174366	28.902721405		
Uruguay	URY	URY	Latin America & Caribbean (all income levels)	LCN	High income: nonOECD	0.21538866	2.5	120.4000015259		0.0009872918		86	45	1.1	11.7	22.9666666667	4039.4846191406	9.130194664	-7.5783419609	0.1549230218		0.0293020084	20.9517707825	1	4.2233333333	13.35	2120.71	3.7867040634	50722	-0.322378322	0.172938471	28.571428299	0.1402381659	0.1631178409	0.0313090906	192.5		4.8333333333	4.8966666667	4.96	4.3766666667	3.7933333333	4.7966666667	5.0466666667	1.2657206774	0.8148358345	0.6155651927	60.8274993896					0.0010206685	9.9			16.7999992371	2.7249999046	0.1524226665						0.4456828237	4.42	1			100	3	84.8221130371	31.8796310425	12.1970911026	0	0.5		9.7403373718							
Uzbekistan	UZB	UZB	Europe & Central Asia (all income levels)	ECS	Lower middle income	0.30685736	6.16	118	2.856913			80	58	4.5	19.6	44.3333333333	4661.8442382813	7.5430426598	-9.9532184601			0.0334984939	22.57172966	1	3.67	97.45	12434.4	2.9035463333	1712	-0.655317068	1.292479772	0.2057613134	0.1768075079	0.0788381174	0.0174369235		0	2.67	3	2.565	3	3.5	3	2.875	-1.2435020208	-0.6737037778	-1.3053128958	43.7924995422						19.08			71	2.3949999809							0.2676508725	3.75	0				2				0.5	0.5	24.3489723206	1.7954132557				2.6202087402	0.2822383642	0.0003867334	
Venezuela, RB	VEN	VEN	Latin America & Caribbean (all income levels)	LCN	Upper middle income	0.36735074	2.5	125.5999984741				84	41	4.1	13.4	31.8333333333	3212.9116210938	9.0198259354				0.0124804136	41.4329795837	3	4.335	39.35	2559.19	2.3554368019	44233	-0.480662289	-0.29864101	7.6155762672	0.0157111902	0.1470941603	0.0337848514	352.3599853516	0	4.67	5	4.19	4.315	3.94	3.94	4.75	-1.2084182739	-1.1366135836	-1.6760816574	38.0825004578					0.0016570009	16.75			50.4000015259	2.3050000668	0.6872293949					6.9289210189	0.4727078974	4.125	1			87	4				0	0	201.8893127441	0.1021408066				0.0003466118	18.0279655457	0.0138276918	
Vietnam	VNM	VNM	East Asia & Pacific (all income levels)	EAS	Lower middle income	0.22856344	13.08	118.1999969482	5.48669	0.0417621993		76	60	4.4	23.3	31.1666666667	5305.1352539063	6.1250386238		0.989492178		0.0276939582	18.6046504974	3	3.79	71.9	3954.16	3.7307565212	9737	-0.495737227	-0.213873735	3.4521157742	0.137594521	0.0409256071	0.0066719484		0	4.0425	4.7025	4.095	3.8775	4.5325	3.7525	4.22	-0.5737761378	0.194309932	-0.4950720906	60.2075004578	0.1118035018	0.0017584	0.1135827973	24.61321	0.0030620056	16.16	0.30456689	-0.0713559	21.6000003815	2.6199998856	0.5093732476		3.33			6.6948230114	0.3049075305	4.0625	1	1	1	87	2	45.5217170715	38.0176429749	18.2448272705	0.5	0	20.4916152954	5.0506820679				2.1550111771	7.2238512039	0.003551885	0.0471095406
West Bank and Gaza	WBG	PSE	Middle East & North Africa (all income levels)	MEA	Lower middle income	0.38492684			3.009889					3.3	10.9		1487.5532226563	7.9539818764					22.3584194183		4.5	50.8		4.4133429527	198.4			48.7804870605		0.2249105126			1	4.25	4.6	4.22	3.6	3.71	4.5	4	-0.5984658897	-1.9488961697	-0.3802014053	51.3974990845									23.3999996185							5.3873554275	0.3642268777	3.83						19.3019142151	20.5075645447	2.4370515347			22.0060043335	53.612739563				1.2725365162			
Yemen, Rep.	YEM	YEM	Middle East & North Africa (all income levels)	MEA	Lower middle income	0.46183198	26.14	102.4000015259	61.762	0.1137195602	66.6520004272	58	64	13.3	46.6	59.8	1036.52734375	6.7139735222				0.0232967179	2.5944139957	1	4.33	55.75	3121.32	2.6030271053	88.04	-0.017174845	0.939297951	75.1527481079	0.170877412	0.1449407786	0.0242181383	573.3400268555	1	4.585	4.4375	3.35	4.5	3.8125	4	4.125	-1.1597164154	-2.3836881161	-1.1688214779	56.7099990845						10.44			29	2.4849998951	0.2018348575	0.55	4	8.46515376906609E-006	2.34211529459571E-006	4.6012344986	0.4210092723	3.5625	0.5	0	0	36.5	0	17.1851902008	23.4757461548	7.1664028168	0.5	0.5	5.7345733643	5.5349287987				1.3363120556	5.5361742973		0.7065170407
Zambia	ZMB	ZMB	Sub-Saharan Africa (all income levels)	SSF	Lower middle income	0.647902075	49.72	91	74.2002	0.9916529655		52	72	6.2	52.5	57.9666666667	2510.6264648438	5.8802237511			53.8137893677	0.0288140894	22.9605998993	1.5	4	4.35	14493	2.1830415726	7446	-0.488637931	-0.069072044	10.9649124146	0.2385825366	0.226901114	0.079167448	540.799987793	1	4	3.75	3.75	3.5	3.5	4	3.875	-0.461337477	0.4924733579	-0.4321758509	58.3149986267	0.3145298064	0.2559202015	0.0737757981	46.91742	0.0002761668	18.96	0.583765924	0.3959024	51.4000015259	1.8300000429	0.8098576069	0.4	4	4.27207896791515E-006	5.67760207559331E-006	8.9140084323	0.4144716859	3.25	0	1	1	93	1	1.223644495	36.0028266907		1	0.5	28.9756736755	8.8425579071	0.4414474666			2.6768069267	6.5682668686	0.2681455314	0.0467406884
Zimbabwe	ZWE	ZWE	Sub-Saharan Africa (all income levels)	SSF	Low income	0.54886506	33.78	96.8000030518	39.24457			53	60	3.45	33.7	58.3	698.1861572266	5.416000843			51.020904541	-0.0159159804	40.3377799988		2.67	4.25	11364	3.2145364285	1457	-0.488429115	0.027522221	45.5187644958	0.1569841653	0.2980092764	0.0208497364		1	1.67	2.25	1.5	2	2.5833333333	2.1666666667	1.0833333333	-1.3302561283	-0.9436933041	-1.7256955385	41.7000007629	0.2240190953	0.5430405736	0.8055480719	19.4665	0.0002551671	23.39	0.0274449997	0.2660311	53	2.2000000477	0.5252191424	0.6333333333		2.60580372923869E-006	6.44811552774627E-006	0.0009115857	0.4253080785	1.5833333333				0					0.5	0	0.715877533	10.0828905106	0.4867323041		0.011713597	1.0146756172	2.7598981857	0.0435074121	0.0659287721
South Asia	SAS	SAS	South Asia	SAS	South Asia	0.3255487382	18.7766666412	109.4666671753	60.2798309326	0.2770355642	14.2256183624	59.6666679382	65.6666641235	13.6000003815	41.1749992371	51.25	3010.9111328125	6.3624744415	-9.5463857651	0.8512768745		0.0151128788	26.6363220215	2.2000000477	3.6983332634	59.1166648865	3576.5161132813	3.6701211929	3866.5	-0.3954436183	0.1072479859	14.6277332306	0.0823668838	0.09094055	0.0252482947	466.6496887207	1	3.8887500763	4.0062499046	3.1758332253	3.394166708	3.4825000763	3.9674999714	3.5879166126	-0.8460071683	-1.7010070086	-0.75881356	52.2887496948	0.1522619277	0.2169851959	0.1671148837	28.9367752075	0.0057093645	18.6949996948	0.209397465	-0.1633982062	34.0133323669	2.2874999046	0.6112785935	0.337500006	3.5980000496	4.64931963506388E-006	2.21907657760312E-006	4.893558979	0.3756520152	3.5950000286	1	0.6000000238	0.8000000119	57.25	1.7999999523	33.3409309387	26.1415462494	14.8671541214	0.5833333135	0.3333333433	13.8479595184	7.3144855499		0.3966500163	0.000255172	1.3658994436	0.6875261068	0.0113918483	0.2429409772
Europe & Central Asia	ECS	ECS	Europe & Central Asia	ECS	Europe & Central Asia	0.3177333474	8.2933330536	120.7399978638	2.740291357	0.0420651957	5.6510777473	85.4000015259	46.1500015259	3.5361111164	15.4055557251	28.7833328247	3115.0161132813	8.399559021	-8.7484006882	0.6299777627		0.0198377967	35.5496253967	2.5909090042	4.1210255623	42.0400009155	5818.2041015625	3.4279329777	5981.3950195313	-0.6491808295	1.1575948	4.5305538177	0.1063460261	0.1900313199	0.0365042724	364.4766540527	0.2142857164	4.2026925087	4.2162179947	3.706089735	4.2269229889	3.918910265	4.1483335495	4.0480771065	-0.5021696091	-0.2346316427	-0.4474200308	60.7623672485	0.0949517116	0.0809500962	0.0831465125	19.1655254364	0.0041349912	12.992105484	0.103198722	0.0097886212	28.3052635193	2.5425000191	0.3280726373	0.5249999762		5.51581761101261E-005	1.17311019494082E-005	11.1876068115	0.3462439179	4.1240386963	0.5454545617			83.0454559326	2.5454545021	51.3790626526	27.3491516113	26.7142982483	0.2368421108	0.0789473653	107.544883728	6.8382506371		0.1716504544		3.2426915169	13.9418840408	0.0314885788	0.2696384788
Middle East & North Africa	MEA	MEA	Middle East & North Africa	MEA	Middle East & North Africa	0.2638570964	6.8800001144	132.3999938965	16.483045578	0.0541050509	66.6520004272	85.75	52.5833320618	6.4183335304	17.0333328247	34.8666648865	2347.6430664063	8.442732811	-8.7807006836	0.3598092496		0.0200493485	31.9609870911	2.055555582	4.2679543495	60.8911781311	2736.4245605469	3.0387926102	575.0426025391	-0.3209633529	0.985906899	66.0632705688	0.1054371595	0.3224925399	0.0448032282	392.15625	0.5833333135	4.3859090805	4.3225002289	3.8272726536	4.1595454216	3.9784090519	4.113181591	3.9181818962	-0.3990624547	-0.8789615035	-0.296764493	58.664264679	0.229306519	0.2453542799	0.315232724	45.0730514526	0.0244498421	20.0190906525	0.2391495109	0.2461558729	21.317647934	2.6599998474	0.3114506304	1.3125	4	0.000069562	4.80522721773013E-005	7.6579451561	0.3630996943	4.1434092522	0.3888888955	0	0	78.03125	1.8888888359	53.2540245056	21.800239563	5.8570489883	0.4375	0.46875	69.8547515869	10.0488739014	0		0.0025928051	2.7658128738	2.8667354584	0.0079487897	0.2862934172
Sub-Saharan Africa	SSF	SSF	Sub-Saharan Africa	SSF	Sub-Saharan Africa	0.5741338134	21.6437835693	111.2702713013	73.4207305908	0.5431212783	33.6940422058	61	62.1081085205	8.2579164505	36.8883323669	63.2433319092	1355.4488525391	6.308804512	-12.6048679352	0.7866755724	21.3549308777	0.0098835547	15.8519182205	1.0178571939	3.6372153759	4.2682929039	9972.0322265625	2.131683588	14593.86328125	-0.4900429547	-0.0262428783	27.8729000092	0.1159724146	0.2060085237	0.0349515527	520.7487792969	0.8974359035	3.6148374081	4.0563616753	3.3997356892	3.4748780727	3.5724186897	3.5819511414	3.7667074203	-0.694593668	-0.6677250266	-0.8037630916	47.2729377747	0.1037798747	0.1924549639	0.1457734257	26.6313056946	0.0061870436	16.4627017975	0.2461870313	0.1038908362	32.9244995117	2.1625640392	0.5518997908	0.6999999881	3.7939999104	8.2634505815804E-006	8.47533738124184E-006	6.9957890511	0.422860384	3.5844511986	0.3214285672	0.3333333433	0.8166666627	47.0303039551	0.8392857313	24.2911281586	22.826833725	36.9212150574	0.5609756112	0.3902438879	22.8565273285	10.5409975052	4.8471951485	0.825892508	0.0335932262	3.4759430885	18.3408489227	0.1416179538	1.0683600903
Latin America & Caribbean	LCN	LCN	Latin America & Caribbean	LCN	Latin America & Caribbean	0.3817297816	11.2123813629	118.361907959	22.2294654846	0.0703403652	31.0717792511	73.4761886597	43.0952377319	1.8654761314	16.4857139587	33.0015869141	3110.0729980469	8.2257146835	-8.7167263031	0.365322262		0.0205731355	28.4838924408	2.0263156891	4.1960315704	29.1714286804	4678.294921875	2.9577131271	28243.572265625	-0.3792689443	0.0528731532	9.2046442032	0.0822125003	0.1232178286	0.0246729534	211.5713806152	0.4736842215	4.4425001144	4.5137696266	4.1505556107	4.0673809052	3.9294445515	4.2013888359	4.2911109924	-0.3024672866	-0.2942399979	-0.540689528	59.0760002136	0.1610758901	0.154148519	0.1507694572	28.8315429688	0.0101315519	11.8642854691	0.2327444553	0.1232766956	18.5739994049	2.5427501202	0.3594985604	1.4214285612	3.9466667175	9.1668789536925E-006	0.000021776	6.71763134	0.464844048	4.2849206924	1	0.3333333433	0.8333333135	74.7619018555	2.3947367668	64.3236312866	24.2840557098	25.1741752625	0.2857142985	0.1428571492	96.1275787354	9.8177242279			0.0594448298	3.6394581795	25.8891010284	0.1365106553	0.6148354411
East Asia & Pacific	EAS	EAS	East Asia & Pacific	EAS	East Asia & Pacific	0.3373550177	15.1090908051	113.8363647461	27.0289459229	0.1638500839	42.4226722717	69.6363601685	59	7.9400000572	29.9909095764	36.5766677856	3695.8134765625	6.8947019577	-11.6379556656	0.8776018023		0.0277375188	36.8156890869	2.1875	3.6389393806	32.7818183899	4700.7290039063	3.1001338959	15949.0908203125	-0.3520582914	0.2747816145	4.1949753761	0.1385787725	0.1101634949	0.0271443743	284.9254150391	0.5454545617	3.8846211433	4.0757575035	3.498560667	3.6865150928	3.6788635254	3.8465909958	3.6965909004	-0.7150982618	-0.4715583324	-0.6008312702	57.025226593	0.118478775	0.063919656	0.1939808428	32.7596473694	0.0123596583	11.9409999847	0.2457258254	0.0575487502	22.6545448303	2.5545454025	0.3381256759		3.4983332157			8.7423849106	0.3519521654	3.6090908051	0.875	0.8333333135	1	80.9545440674	2.125	58.8641624451	22.9533119202	8.1174173355	0.4090909064	0.227272734	79.8235473633	9.0169830322		0.1159677282	0.3387998343	1.2688832283	5.5659313202	0.0140488511	0.7562221885
Low income	LIC	LIC	Low income	Low income	Low income	0.5411798954	23.7096557617	108.9724121094	73.7230529785	0.5376921892	34.3943138123	59.4482765198	64.3793106079	8.8267679214	39.1439399719	60.730304718	1676.5922851563	5.9419283867	-11.6094303131	0.8078714013	15.9738092422	0.0101596527	12.2407922745	1.0833333731	3.546792984	14.2742424011	8728.7294921875	2.3176553249	9475.4306640625	-0.503154397	0.1266541779	23.1697006226	0.1259185076	0.1780382246	0.0311919805	580.1641845703	0.9393939376	3.549444437	3.9912626743	3.2536363602	3.4464395046	3.5374495983	3.4975504875	3.6444950104	-0.8983262777	-0.9560294151	-1.0196136236	45.2864074707	0.1168594658	0.2526959181	0.2095787674	26.3347225189	0.0072128582	15.6006669998	0.1747637391	0.0086509278	37.8224983215	2.1060936451	0.5391267538	0.4336805642	3.7074999809	4.40311714555719E-006	3.66971062248922E-006	3.9622261524	0.4026061594	3.5524241924	0.3958333433	0.4583333433	0.8333333135	45.0769233704	0.8541666865	25.9108829498	23.9734592438	23.3348789215	0.5	0.3787878752	7.2334246635	11.0308189392	1.6300235987	0.5075562	0.0632690489	2.265917778	7.3142142296	0.1110012606	0.7849623561
Upper middle income	UMC	UMC	Upper middle income	Upper middle income	Upper middle income	0.3303505182	8.2944831848	123.5945968628	11.8122797012	0.0854348019		81.4864883423	45.8108100891	3.957638979	16.1445941925	32.1927909851	2918.1694335938	8.4009914398	-8.9381723404	0.4891852438	21.3601360321	0.0222886745	37.8376312256	2.3518519402	4.1937761307	32.9039459229	5302.0483398438	2.9174234867	15157.0078125	-0.4937504828	0.4422643483	25.0161037445	0.0872318149	0.1731616408	0.0320466608	266.5540466309	0.290322572	4.3261198997	4.3616666794	3.9346613884	4.1382031441	3.9126822948	4.1065626144	4.0853385925	-0.407045871	-0.3519516587	-0.4324879646	60.2709732056	0.1370126754	0.1215066761	0.1494787037	26.1749286652	0.0113269947	14.5834379196	0.1634657681	0.0589284785	22.3855552673	2.6092104912	0.4234094024	1.2236111164	3.7820000648	0.000043674	4.30032378062606E-005	12.0545120239	0.3958503008	4.1931247711	0.777777791	0.200000003	0.8999999762	76.7166671753	2.5	65.3857803345	25.9298610687	25.6313705444	0.3289473653	0.1973684281	138.9983215332	5.0153813362	27.8645877838		0.0293548182	3.7885699272	21.7316493988	0.1241434067	0.2246738225
Lower middle income	LMC	LMC	Lower middle income	Lower middle income	Lower middle income	0.4396108687	16.2549991608	115.1352920532	37.8209075928	0.2783603072	29.85039711	68.1176452637	57.5	6.545238018	28.5838088989	46.1676483154	2427.2758789063	7.2292823792	-9.268989563	0.6664351821	34.5076293945	0.0185945481	21.0201759338	1.6799999475	3.8800952435	28.5833339691	6565.5288085938	2.8587319851	14530.05078125	-0.432334125	0.285964638	21.4376678467	0.1117713302	0.1725397408	0.0334363841	338.791229248	0.694444418	4.0035238266	4.2047858238	3.6425714493	3.7147142887	3.7380952835	4.0106906891	3.9224998951	-0.6907801628	-0.7302999496	-0.6921812892	54.0250015259	0.1255803704	0.1505934596	0.124973096	32.3345680237	0.0040156217	16.5400009155	0.320490092	0.1330947727	25.0761108398	2.3395588398	0.4323270023	0.5786458254	3.796875	1.59838109539123E-005	8.21572484710487E-006	6.1764259338	0.4006287754	3.7687380314	0.6399999857	0.4375	0.78125	67.0151519775	1.5199999809	35.6206970215	22.8377075195	25.9058628082	0.5294117928	0.2941176593	27.4869766235	12.5185632706	0.5130090714	0.7633656859	0.0584228747	2.9661903381	11.7505140305	0.0656426549	0.9856690764
High income: nonOECD	NOC	NOC	High income: nonOECD	High income: nonOECD	High income: nonOECD	0.1894146204	4.3119997978	124	5.6583738327	0.0009872918		86.8333358765	39.8333320618	5.4549999237	8.029999733	30.5583324432	3088.6135253906	8.7393627167	-8.1421546936	0.3862635493		0.0119545702	58.9784164429	2.6666667461	4.0266666412	67.8375015259	1468.5433349609	4.1287798882	6864.3354492188	-0.1935676634	1.0659669638	52.5496520996	0.106761381	0.4250089526	0.0474786684	285.8866577148		4.3766665459	4.6383333206	4.3850002289	4.2183332443	3.711666584	4.3383331299	4.5883331299	0.4866499007	0.2676825821	0.5257357359	66.3934402466	0.100028336	0.0577195324	0.0619977638	12.9401655197	0.0270343944	8.8000001907	0.0475251675	0.0576300658	13.3500003815	3.0457141399	0.1388375014	6.25		4.85505370306782E-005	6.11542418482713E-005		0.3980073333	4.7100000381	0.6666666865			92.5	3.6666667461	84.8221130371	31.8796310425	12.1970911026	0.1875	0.3125		9.7403373718							
High income: OECD	OEC	OEC	High income: OECD	High income: OECD	High income: OECD	0.2460515201	2.5	123.4000015259		0.0182887837		85	44	0.3000000119	1.7999999523	20.1666660309	6469.6625976563	8.7313127518	-7.5676259995	0.1859012544		0.0295418594	37.1389808655	3	4.8800001144	85.75	6423.3999023438	2.3206267357	52854	-0.3738947809	3.1047384739	26.8064670563	0.0401568301	0.1099753305	0.0117876204	192.375	1	6	4.5999999046	4.8299999237	4.9000000954	4.8600001335	4.5	5	1.4876631498	0.4885438979	1.330242753	70.2574996948	0.0402030014	0.0074113668	0.0132148331	2.2850527763	0.0199030358	6	0.0121605005	-0.0000685	16.2000007629	3.0199999809	0						0.3869504333	4.6700000763	1			93	3	95.7343826294	21.5696849823	22.3777141571	0	0		1.6436417103							
Developing Country	WLD	WLD	Developing Country	Developing Country	Developing Country	0.410338477	15.336875	116.9644851685	44.1105870471	0.3023402691	33.0751113892	71.5981292725	54.2056083679	6.2765151515	26.4097597598	44.509439528	2432.357421875	7.3652524948	-9.3497028351	0.5975857973	21.3549308777	0.0169477488	26.8359966278	1.78125	3.8833171521	29.1280172414	6631.3285607477	2.8065321445	13099.189862069	-0.4558325506	0.370668426	25.4866275787	0.1069348305	0.1891467124	0.0331995226	383.7513122559	0.6534653306	3.984894822	4.1973705502	3.6346521036	3.781618123	3.7384304207	3.887184466	3.9074110032	-0.5568942436	-0.5912407596	-0.5988292114	54.559513092	0.1241836548	0.154826358	0.1524778754	27.6571960504	0.0099349441	14.9702884718	0.2175730169	0.0705651489	26.9198226929	2.4145536423	0.4329223037	0.8675925926	3.7475555556	1.8196391465608E-005	1.60312501975568E-005	7.7049279348	0.3993272483	3.8583090615	0.61875	0.4222222269	0.8222222328	66.5102005005	1.75	44.3423538208	24.2413139343	24.9564094543	0.4254385829	0.2850877047	60.842716217	9.4491281509	4.6908340454	0.6238332391	0.0501364432	3.0352380276	14.6440906525	0.098616384	0.7786501646
Fragile States	FRS	FRS	Fragile States	Fragile States	Fragile States	0.5041308874	22.7187878788	110.9588241577	66.4156943649	0.4760035872	35.8927383423	61.7058830261	62.1764717102	9.3275	36.14125	57.8	1841.9780273438	6.5830821991	-11.3360319138	0.781881988	17.4073867798	0.0105600955	16.1744441986	1.1111111111	3.5875416667	20.4670731707	7699.5058157895	2.3747839928	12087.1668292683	-0.4341588373	0.1220344971	32.144859314	0.1087744534	0.1867195219	0.0300295893	527.0986328125	0.8780487776	3.5713541667	3.9662916667	3.273	3.49225	3.5352708333	3.5363541667	3.6257083333	-0.9302073867	-1.2666147033	-1.0263649143	45.7359390259	0.1181331053	0.2389311641	0.1638782173	27.8270901979	0.0080621168	18.0352941176	0.2635748088	0.0272505292	34.611000061	2.1210255623	0.541754365	0.4453703704	3.6056	9.9735543699353E-006	4.69724773211055E-006	3.8294870796	0.393073082	3.48375	0.462962963	0.3600000143	0.8000000119	51.1515159607	0.7962962963	25.5833702087	22.5166244507	20.950334549	0.5375000238	0.3874999881	15.9329442978	10.6683521271	0.3023367524	0.7912621498	0.081881769	1.8271380663	9.4352474213	0.1000092253	0.8401704431
