Country	iso3c	Regioncode	Income Group	GDP	GDP per capita	Total Rural Population	Total Population	fragile		needs	accessfood	caloriegap	sfoodinsec	sundnourish	savgdietenergy_ssinv	rpoverty	srpovhcmp	srpovhc125	malnutr	ldietvar	sfoodconssc	savgprotss_pcinv	scal_staple	chmalnutr	sch_wasted	sch_stunted	sch_anemic	agprodgap	outputgap	scerealyldinv	sagvapwinv	scold_storage_agvaladd	ssharefamfarmarea	intechgap	smvareainv	sagtfpgrowthinv	infrgap	srformalfininv	srfarmfininv	saccessagipmktinv	sarablelandinv	sfertdist	sroaddensityinv	vulner	envshock	swaterres_pcinv	swaterrunoffinv	sagprodyldinv	spld	prodshock	sagopvol	scropyldvolatility	sfoodpdvol	consshock	shhfoodprshocks	sfoodaidchronic	policies	ageconpol	rinvclimate	srinvclimate	srpolframework	sraccount	srlandaccess	sragwateracess	srfinconditions	srorgdialog	swgicorruption	swgipolistability	swgiruleoflaw	sdbs	agpricing	snrassistinv	srrassistinv	sconstaxeqinv	swelfareredinv	sagnontarriffbarrinv	smfnagtarriffinv	stradebiasinv	straderedinv	sexporttimeinv	slogisticsind	sshareagpeaktariffsinv	rskillsext	sagrdspending	sagrdaccess	sagphd	sagwomenres	polpriority	agpriority	sagpubspend_prop	sfnspriority	srresmgmnt	nutpriority	sdietguide	snuttarget	sfoodsupplement	sfoodsafetysc	rsocassist	sfoodsafetyprog	ssocsafetyprog	ssocsafetybenefit	ssocsafetyadeq	womenenv	sfem_access_land	sfem_access_fin	resources	pubinv_pc	sagpubspend_pc	oda_pc	sagoda	sagodachina	oof_pc	sagodaindia	sagodabrazil	sagoof	privext	fdi_pc	ngophil_pc	sagphilanth	sagngo
Afghanistan	AFG	SAS	Low income	 12,917,030,679 	 442 	 21,808,442 	 29,117,538 	1		70	69	63	37	58	93	76	76	0	76	92	0	84	100	61	44	100	38	79	79	73	86	0	0	81	0	81	77	96	0	55	59	0	97	57	43	28	56	59	31	29	23	52	13	100	0	100	35	28	34	52	54	29	38	47	43	42	20	1	13	40	33	0	0	0	0	0	77	0	0	0	23	0	15	0	15	0	0	42	28	12	38	33	68	0	100	100	4	47	0	25	58	57	25	50	100	3883	3879	501	3001	3001	0	378	73	0	305	4	0	4	3	1
Albania	ALB	ECS	Upper middle income	 12,674,824,074 	 4,358 	 1,360,241 	 2,908,635 	0		20	17	34	17	0	50	1	1	0	19	9	0	0	18	29	49	39	0	20	22	10	33	0	0	4	0	4	34	69	0	31	47	0	22	23	44	0	100	75	0	24	31	30	13	0	0	0	59	67	62	76	72	63	75	62	77	70	38	47	40	61	73	0	0	0	0	84	75	0	0	88	32	84	0	0	0	0	0	51	40	18	39	65	0	0	0	0	0	38	0	53	54	7	75	50	0	7056	6862	5978	643	643	0	240	0	0	240	195	195	0	0	0
Algeria	DZA	MEA	Upper middle income	 139,122,025,448 	 3,681 	 12,009,237 	 37,779,797 	0		39	3	3	0	1	8	0	0	0	38	41	0	22	59	35	50	40	16	45	65	81	34	0	19	10	0	10	61	69	63	40	93	13	88	68	72	93	18	80	95	61	80	44	60	72	45	100	30	36	50	70	56	56	48	40	60	65	40	25	35	52	40	0	0	0	0	0	0	0	0	92	26	3	19	11	0	9	38	24	71	100	38	73	2	0	0	0	4	0	0	0	0	0	25	50	100	17580	17535	17481	44	44	0	10	0	0	9	46	46	0	0	0
Angola	AGO	SSF	Upper middle income	 61,539,809,226 	 3,045 	 11,922,550 	 20,189,681 	0		66	63	58	77	40	58	69	0	69	73	79	0	92	67	67	42	100	58	69	85	100	70	0	0	45	89	0	78	54	75	62	98	89	93	57	42	0	53	92	25	62	100	27	59	68	35	100	35	38	38	43	45	32	38	25	46	54	23	43	25	40	48	0	0	0	0	0	68	0	0	35	27	62	30	0	30	0	0	31	34	33	26	43	42	50	0	100	16	25	25	0	0	0	25	50	100	16696	16329	4807	11427	281	11146	96	0	1	94	367	347	20	20	0
Argentina	ARG	LCN	Upper middle income	 356,221,860,572 	 8,739 	 3,612,489 	 40,731,955 	0		19	7	7	7	0	13	0	0	0	2	3	0	0	5	2	1	6	0	47	37	15	4	0	6	54	0	54	50	48	38	33	94	15	74	21	36	0	49	80	17	28	22	22	39	0	0	0	65	58	61	65	80	70	67	68	55	79	41	50	37	57	55	46	40	29	37	89	67	0	19	99	46	82	0	0	0	0	0	73	64	22	100	70	77	100	0	0	54	75	75	0	0	0	75	50	0	57888	33728	31682	361	361	0	1684	0	2	1682	24160	24160	1	1	0
Armenia	ARM	ECS	Lower middle income	 7,290,166,246 	 2,456 	 1,087,137 	 2,968,283 	0		27	20	40	49	11	60	1	0	2	20	17	0	29	23	24	19	34	19	29	36	59	14	0	0	8	0	8	41	81	0	17	39	26	44	37	40	13	100	45	0	71	76	37	100	0	0	0	68	73	66	73	82	60	81	81	85	69	39	51	42	64	80	0	0	0	0	100	77	0	0	92	34	100	0	0	0	0	0	64	44	0	14	75	89	0	0	0	89	47	0	40	61	40	75	50	0	13489	13485	8053	3915	3915	0	1517	17	0	1500	4	0	4	4	0
Azerbaijan	AZE	ECS	Upper middle income	 33,227,519,827 	 3,619 	 4,254,678 	 9,177,448 	0		31	23	38	72	0	42	8	9	6	38	48	0	22	74	28	13	47	23	39	42	60	56	66	81	27	0	27	47	86	50	35	24	40	49	24	44	0	91	76	7	28	65	20	0	0	0	0	52	54	56	62	65	52	74	69	63	60	28	41	34	63	53	0	0	0	0	0	56	0	0	71	33	0	0	0	0	0	0	50	54	70	33	60	46	0	0	0	92	51	0	86	36	81	50	0	100	1434	1309	1	466	466	0	841	0	0	841	126	126	0	0	0
Bahrain	BHR	MEA	High income: nonOECD	 25,010,064,856 	 19,576 	 145,834 	 1,277,163 	0		25	6	6	6	0	0	0	0	0	16	0	0	0	0	16	0	0	16	16	0	0	0	0	0	32	0	32	0	0	0	0	0	0	0	63	47	100	0	29	61	78	56	0	100	0	0	0	57	60	54	0	0	0	0	0	0	0	56	34	58	68	67	0	0	0	0	0	81	0	0	99	55	99	0	0	0	0	0	54	29	0	29	0	84	0	0	0	84	0	0	0	0	0	50	0	100	0	0	0	0	0	0	0	0	0	0	0	0	0	0	0
Bangladesh	BGD	SAS	Low income	 115,686,476,596 	 755 	 105,164,344 	 152,956,267 	1		51	51	43	10	38	80	60	62	57	69	68	14	90	100	70	68	81	62	35	49	18	79	16	87	27	0	27	30	67	25	45	33	10	0	47	40	0	61	100	0	24	46	8	19	76	51	100	42	39	48	56	65	42	45	55	69	58	31	21	34	48	43	29	0	27	22	0	45	69	100	71	37	30	25	33	60	5	2	46	39	27	38	52	82	100	100	100	28	38	50	28	68	7	25	50	100	1484	1419	1051	306	306	0	61	0	0	61	66	27	38	0	38
Belarus	BLR	ECS	Upper middle income	 51,223,546,475 	 5,404 	 2,366,737 	 9,480,000 	0		19	9	18	9	0	27	0	0	0	8	12	0	14	10	4	7	0	4	31	29	44	13	0	0	18	0	18	48	35	50	0	98	25	32	28	27	0	82	0	0	29	50	23	15	0	0	0	66	55	45	0	0	0	0	0	0	0	37	51	30	60	66	0	0	0	0	0	60	0	0	95	44	64	0	0	0	0	0	77	51	100	2	0	100	100	0	0	0	58	75	76	49	30	100	0	0	56381	55419	55358	60	60	0	1	0	0	1	962	962	0	0	0
Benin	BEN	SSF	Low income	 6,368,616,564 	 651 	 5,644,829 	 9,780,910 	0		64	60	46	71	21	45	74	81	66	72	72	40	78	97	72	43	87	85	68	74	87	61	0	0	58	73	43	71	93	75	30	99	72	56	59	55	13	81	99	26	29	21	22	44	92	84	100	55	77	53	62	69	58	42	60	55	73	35	56	37	41	77	99	0	97	90	100	52	93	100	71	38	29	100	0	100	0	0	34	48	14	74	55	50	0	100	100	0	13	13	0	0	0	25	50	100	2601	2601	1136	1133	1133	0	332	2	0	329	0	0	0	0	0
Bolivia	BOL	LCN	Lower middle income	 14,696,994,811 	 1,421 	 3,422,477 	 10,328,387 	0		50	44	58	32	49	92	29	45	14	48	59	0	71	46	38	4	48	61	69	72	69	74	0	0	65	0	65	71	73	50	45	93	87	77	38	36	0	37	90	17	21	42	19	1	59	18	100	58	59	52	47	73	62	59	50	61	68	38	41	29	50	66	0	0	0	0	96	60	0	0	87	33	55	0	0	0	0	0	56	45	14	57	63	75	100	0	0	50	31	50	2	0	72	75	50	0	7814	6123	1235	3318	3318	0	1569	0	7	1563	1691	1669	22	17	6
Bosnia and Herzegovina	BIH	ECS	Upper middle income	 14,856,686,005 	 3,869 	 2,330,631 	 3,840,384 	1		22	10	20	0	0	41	0	0	0	19	30	0	18	41	8	8	7	8	27	15	30	0	0	0	0	0	0	38	22	0	37	100	2	30	34	43	0	71	58	0	58	0	35	80	0	0	0	54	62	57	62	67	60	65	61	63	65	44	38	44	55	66	0	0	0	0	0	68	0	0	93	38	0	0	0	0	0	0	47	35	0	9	61	0	0	0	0	0	32	0	24	39	33	75	50	0	3627	2784	1942	653	653	0	188	0	0	188	843	843	0	0	0
Botswana	BWA	SSF	Upper middle income	 15,286,828,608 	 7,687 	 864,697 	 1,986,562 	0		50	49	76	64	65	100	23	0	23	48	55	0	71	38	41	29	58	36	63	64	100	69	0	77	44	0	44	80	65	75	49	100	100	92	41	53	0	79	79	54	69	51	100	57	0	0	0	56	66	65	71	68	74	65	57	51	63	69	70	63	65	70	0	0	0	0	100	72	0	0	73	36	71	62	100	0	25	62	45	64	100	12	80	36	50	0	0	23	56	50	97	50	27	25	50	100	23270	23270	21759	219	219	0	1292	0	0	1292	0	0	0	0	0
Brazil	BRA	LCN	Upper middle income	 1,314,806,365,908 	 6,673 	 30,288,508 	 196,930,831 	0		17	6	7	1	0	20	5	5	0	5	7	0	14	0	2	4	3	0	38	43	21	26	56	18	20	0	20	51	25	25	32	93	78	53	21	32	0	21	96	13	29	53	35	0	0	0	0	73	82	67	77	95	71	69	59	83	81	49	49	48	53	81	97	94	96	89	49	67	67	97	99	52	82	100	0	100	0	0	64	54	43	40	80	73	100	0	100	92	78	100	77	92	43	50	0	100	25843	22081	21624	145	145	0	312	0	0	312	3762	3745	18	18	0
Bulgaria	BGR	ECS	Upper middle income	 39,695,391,646 	 5,400 	 2,012,155 	 7,351,875 	0		38	44	44	25	0	63	0	0	0	19	29	0	35	23	9	13	7	7	42	31	26	0	0	34	52	0	52	43	38	13	0	97	13	55	47	59	3	94	81	0	48	9	45	90	34	34	0	71	67	54	0	0	0	0	0	0	0	45	56	48	69	80	98	84	96	88	96	56	97	100	87	44	34	0	0	0	0	0	75	42	37	47	0	100	100	0	0	0	58	75	70	68	19	100	0	0	11511	8357	8126	0	0	0	231	0	0	231	3154	3154	0	0	0
Burkina Faso	BFA	SSF	Low income	 9,086,467,505 	 566 	 11,755,070 	 16,005,109 	0		70	67	53	65	49	45	80	100	60	68	56	51	39	79	79	72	66	100	86	96	93	100	0	0	82	91	73	78	86	75	28	99	97	85	59	72	76	68	100	45	26	26	18	34	80	60	100	46	49	55	62	80	40	51	66	52	81	41	42	43	44	57	81	0	46	72	0	52	92	58	51	29	29	36	33	100	8	2	43	54	30	64	68	50	50	0	100	51	45	13	31	34	100	25	50	100	3809	3575	1949	1508	1508	0	118	0	0	117	234	0	234	10	223
Burundi	BDI	SSF	Low income	 1,686,399,639 	 177 	 8,498,851 	 9,542,381 	1		71	90	86	86	0	0	95	90	100	52	44	44	0	0	59	30	100	47	89	95	89	100	0	0	96	93	100	76	94	75	63	98	96	31	54	71	60	95	94	33	4	0	9	0	87	74	100	36	31	44	48	63	51	54	48	56	47	25	19	27	40	32	0	0	0	0	0	35	0	0	59	17	18	19	51	20	1	2	40	47	1	77	64	38	0	50	100	0	0	0	0	0	0	75	50	0	1298	1186	22	858	858	0	306	0	0	306	112	0	112	110	2
Cambodia	KHM	EAS	Low income	 10,884,681,001 	 743 	 11,700,515 	 14,622,967 	0		54	48	60	72	36	74	36	56	15	76	85	0	73	97	66	57	79	62	43	64	47	80	0	0	0	0	0	64	100	75	40	92	30	49	51	38	0	50	97	3	53	100	30	28	63	25	100	46	42	46	56	52	44	50	50	60	43	27	43	29	50	61	0	0	0	0	100	50	0	0	83	29	42	20	0	20	0	0	49	25	0	0	50	59	0	100	100	35	13	50	0	0	0	100	0	0	1943	1555	638	807	807	0	110	12	0	98	388	385	3	2	1
Cameroon	CMR	SSF	Lower middle income	 23,315,920,113 	 1,101 	 10,134,325 	 21,167,630 	1		55	60	56	86	23	60	63	74	53	50	45	20	63	51	55	28	60	76	63	70	79	61	0	0	43	85	0	77	83	75	45	100	88	68	45	36	0	43	97	4	42	98	15	14	58	16	100	42	59	47	53	65	28	54	59	49	64	28	38	29	46	57	93	68	92	58	0	28	0	44	81	29	17	75	0	75	0	0	24	40	13	56	52	26	0	0	50	54	7	25	0	0	2	25	50	100	8412	2276	1492	426	426	0	358	137	1	219	6136	6097	39	5	34
Central African Republic	CAF	SSF	Low income	 1,731,620,388 	 391 	 2,704,984 	 4,438,802 	1		75	92	96	100	89	100	89	95	83	68	67	50	94	56	69	37	79	92	85	80	84	76	0	0	82	99	64	93	100	0	68	100	100	99	54	37	0	50	98	0	24	10	62	1	100	0	100	23	22	33	31	48	32	46	38	33	45	32	11	21	30	26	0	0	0	0	0	28	0	0	32	0	18	7	4	0	6	13	25	41	1	88	34	8	0	0	0	8	0	0	0	0	0	25	50	100	1698	859	302	476	476	0	80	0	0	80	839	838	1	1	0
Chad	TCD	SSF	Low income	 10,013,752,393 	 827 	 9,421,225 	 12,089,126 	1		76	81	88	72	94	98	75	100	49	84	82	83	76	87	85	86	74	96	84	78	98	57	0	0	82	89	76	91	94	88	63	100	100	100	56	55	0	53	93	75	14	3	26	11	100	0	100	29	32	35	35	49	32	44	43	42	45	24	23	21	31	60	98	0	97	76	0	28	98	100	0	25	18	0	0	0	1	0	25	68	0	100	37	8	0	0	0	16	0	0	0	0	0	25	50	100	1263	1011	398	532	532	0	80	0	0	80	252	237	15	0	15
Chile	CHL	LCN	High income: OECD	 180,990,917,481 	 10,449 	 1,940,812 	 17,307,092 	0		21	10	17	9	0	44	2	0	2	14	27	0	29	26	0	0	0	0	33	32	0	19	78	12	28	0	28	37	49	25	22	14	43	69	28	19	0	42	0	33	11	10	18	5	54	7	100	81	82	76	100	72	77	78	77	70	80	80	60	77	70	88	91	98	97	96	65	80	98	99	93	50	100	0	0	0	0	0	79	59	0	44	73	96	100	0	0	92	61	75	100	41	27	100	0	0	164	164	0	164	164	0	0	0	0	0	0	0	0	0	0
China	CHN	EAS	Upper middle income	 4,888,876,880,452 	 3,634 	 664,588,672 	 1,344,234,000 	0		22	14	20	0	22	38	8	8	0	20	28	0	10	46	11	10	12	0	32	37	0	73	62	0	31	0	31	29	25	25	23	38	29	32	22	38	34	25	73	20	11	32	0	0	17	34	0	75	63	57	65	65	59	64	66	66	63	40	39	42	59	58	51	70	68	49	0	49	79	84	85	64	43	75	0	75	0	0	87	75	90	69	66	99	100	100	100	96	100	100	0	0	0	75	50	0	15327	15035	15010	8	8	0	17	0	0	17	292	292	0	0	0
Colombia	COL	LCN	Upper middle income	 224,975,108,196 	 4,775 	 11,614,156 	 47,070,397 	0		32	23	35	27	21	56	12	15	9	24	39	0	76	3	9	0	16	10	48	60	39	33	31	0	39	0	39	45	64	38	41	37	32	58	32	33	0	29	96	6	15	7	13	24	50	0	100	62	54	52	74	62	47	52	55	55	52	42	21	42	68	57	29	47	27	29	87	51	91	100	97	41	24	0	0	0	0	0	70	47	17	61	64	85	100	0	0	70	50	50	74	51	24	100	0	0	6470	6310	5482	827	827	0	1	0	1	0	161	133	28	27	1
Congo, Dem. Rep.	ZAR	SSF	Low income	 19,589,737,929 	 306 	 38,076,640 	 63,965,544 	1		73	86	78	78	0	0	93	93	0	71	72	72	0	0	70	43	84	84	89	100	100	100	0	0	78	77	78	90	100	100	60	100	100	81	45	33	0	35	95	2	2	5	0	0	100	0	100	26	29	35	34	70	31	36	51	34	51	23	7	18	35	46	0	0	0	0	0	0	0	0	46	28	65	4	7	10	0	0	23	20	1	16	44	16	0	0	0	66	30	0	3	17	100	25	50	100	782	646	169	324	324	0	152	0	0	152	137	55	82	1	81
Congo, Rep.	COG	SSF	Lower middle income	 9,359,922,682 	 2,214 	 1,533,698 	 4,223,381 	1		70	78	81	74	70	99	75	70	80	67	85	0	100	69	50	29	43	79	78	86	99	73	0	0	65	0	65	82	95	0	53	100	73	88	55	41	0	61	95	10	24	59	4	10	100	0	100	44	36	42	45	60	42	41	50	40	49	27	42	27	37	23	0	0	0	0	0	28	0	0	36	11	18	42	88	0	22	17	53	34	9	55	39	35	0	0	0	35	67	0	0	100	100	75	50	0	7076	3506	2609	683	683	0	215	0	2	213	3570	3550	20	20	0
Costa Rica	CRI	LCN	Upper middle income	 30,379,612,379 	 6,407 	 1,286,392 	 4,737,250 	0		22	15	27	18	8	56	2	0	2	15	23	0	47	0	6	0	0	17	38	32	38	20	62	0	50	0	50	32	29	63	7	58	18	15	21	36	0	48	96	1	20	8	32	19	6	12	0	73	70	63	63	65	62	80	61	60	60	62	62	60	58	71	0	0	0	0	65	63	0	0	97	39	90	75	100	0	26	100	76	61	43	72	69	100	100	0	0	100	67	75	65	82	44	75	50	0	18404	15635	15209	301	301	0	125	0	2	123	2769	2702	68	68	0
Cote d'Ivoire	CIV	SSF	Lower middle income	 22,782,167,166 	 1,172 	 9,454,691 	 19,424,744 	1		55	48	29	0	30	28	68	82	53	62	60	13	84	85	63	39	54	96	69	59	64	56	0	43	80	85	74	69	0	88	55	98	58	46	40	38	0	44	100	10	25	10	55	10	56	12	100	32	32	36	43	45	31	31	40	40	40	30	24	27	43	43	35	28	87	31	100	52	0	2	78	33	29	18	37	10	8	0	31	42	6	85	36	46	0	0	100	85	12	25	2	10	0	25	50	100	3012	1691	1002	514	499	15	175	119	0	56	1320	1320	0	0	0
Cuba	CUB	LCN	Upper middle income	 66,251,302,094 	 5,875 	 2,628,732 	 11,276,647 	0		37	8	8	0	0	16	0	0	0	20	29	0	33	26	10	8	3	19	61	45	61	29	0	0	100	0	100	38	0	0	40	76	12	25	60	28	0	12	97	2	53	35	37	86	100	0	100	75	62	60	73	65	75	65	60	55	60	56	57	37	0	63	0	0	0	0	97	65	0	0	0	25	64	0	0	0	0	0	88	64	0	53	75	100	0	0	0	100	0	0	0	0	0	100	0	0	18380	18377	17747	522	522	0	109	0	20	89	2	0	2	0	2
Cyprus	CYP	ECS	High income: nonOECD	 23,404,392,081 	 27,795 	 363,809 	 1,116,182 	0		34	43	43	0	0	86	0	0	0	10	20	0	41	0	0	0	0	0	39	30	76	2	0	88	70	0	70	16	0	0	0	47	0	1	46	30	80	31	0	11	61	59	100	25	0	0	0	79	73	68	0	0	0	0	0	0	0	71	60	72	68	79	77	87	87	79	100	56	92	85	100	51	55	0	0	0	0	0	84	51	0	51	0	100	0	0	0	100	0	0	0	0	0	100	0	0	0	0	0	0	0	0	0	0	0	0	0	0	0	0	0
Dominican Republic	DOM	LCN	Upper middle income	 53,672,918,984 	 5,286 	 2,546,830 	 10,145,808 	0		25	32	58	66	32	75	6	8	4	26	42	0	84	0	10	8	3	18	19	17	16	17	0	0	0	0	0	42	60	50	27	62	7	45	24	46	25	60	94	6	23	45	10	15	3	6	0	52	38	56	59	64	58	59	59	70	68	34	51	36	62	39	39	50	31	1	51	58	14	13	100	37	38	19	22	0	6	29	66	65	63	69	63	58	100	0	0	16	43	50	44	63	15	100	0	0	8846	8117	7233	710	710	0	175	0	0	175	729	726	3	3	0
Ecuador	ECU	LCN	Upper middle income	 61,059,877,151 	 4,000 	 5,656,930 	 15,246,824 	0		30	29	50	54	25	71	8	8	9	31	34	0	67	0	27	8	44	31	40	47	46	31	0	36	34	0	34	40	52	63	36	0	33	56	20	34	0	49	83	5	21	13	28	21	5	11	0	61	54	57	63	75	64	60	59	77	71	35	39	27	57	51	50	39	76	39	80	39	26	67	86	38	17	0	0	0	0	0	68	64	29	94	70	75	100	0	0	50	57	50	100	41	36	75	50	0	5288	5128	4521	603	603	0	4	0	1	3	160	145	15	15	0
Egypt, Arab Rep.	EGY	MEA	Lower middle income	 142,416,533,704 	 1,793 	 45,247,064 	 79,404,289 	1		28	7	10	31	0	0	4	4	4	38	40	0	0	79	36	25	41	42	30	20	0	43	0	84	31	0	31	38	95	50	22	0	0	63	36	61	79	4	59	100	28	27	16	41	18	37	0	55	60	63	79	73	62	83	78	79	76	39	26	43	57	64	99	58	86	54	96	0	41	60	99	41	69	52	33	0	100	24	50	50	27	50	73	86	100	0	0	73	38	50	55	40	5	25	50	100	3518	3152	2777	164	164	0	211	0	0	211	366	366	0	0	0
El Salvador	SLV	LCN	Lower middle income	 21,739,464,277 	 3,473 	 2,203,943 	 6,259,154 	0		36	26	46	45	26	67	5	0	5	33	49	0	59	38	18	2	43	10	47	45	56	34	56	55	40	0	40	58	85	63	36	94	30	37	38	37	0	48	100	0	25	15	15	45	51	2	100	55	61	59	71	75	69	55	53	70	65	45	51	35	59	64	0	0	0	0	83	61	0	0	97	36	41	0	0	0	0	0	48	36	9	28	71	83	100	0	0	66	49	50	83	50	13	25	50	100	4022	3912	3049	832	832	0	31	0	1	30	109	109	1	1	0
Eritrea	ERI	SSF	Low income	 1,325,454,298 	 223 	 4,692,242 	 5,939,191 	1		89	0	0	0	0	0	0	0	0	84	0	0	0	0	84	84	100	70	90	100	100	100	0	0	99	99	0	72	0	0	60	97	34	98	92	75	63	92	74	70	100	0	100	0	100	0	100	36	26	42	20	55	50	80	50	20	55	38	35	24	33	25	0	0	0	0	0	0	0	0	36	15	0	10	29	0	1	1	46	40	0	29	50	23	0	0	0	23	0	0	0	0	0	75	50	0	682	682	330	158	158	0	194	0	0	194	0	0	0	0	0
Ethiopia	ETH	SSF	Low income	 26,726,600,727 	 298 	 73,544,136 	 89,431,196 	1		65	73	75	40	85	100	72	100	44	70	76	49	78	100	64	53	86	52	68	68	73	97	0	98	63	86	39	74	0	75	45	98	54	100	50	47	58	13	84	35	29	0	50	7	75	49	100	43	45	52	64	58	57	53	64	70	61	37	19	36	50	57	19	37	63	97	100	26	0	100	43	25	0	26	11	90	1	2	41	43	26	23	79	67	50	50	100	69	31	25	19	48	0	25	50	100	2732	2504	1086	1075	1073	2	343	0	0	343	227	112	115	14	101
Gabon	GAB	SSF	Upper middle income	 12,304,402,221 	 7,702 	 222,746 	 1,594,739 	0		41	36	42	82	0	43	29	49	10	38	39	0	35	44	37	14	27	69	66	60	79	41	0	0	58	0	58	81	84	0	60	99	67	98	25	38	0	55	96	2	12	9	1	26	0	0	0	40	42	45	20	58	30	40	60	60	43	36	56	40	50	40	0	0	0	0	0	29	0	0	86	26	18	42	4	0	51	72	37	49	0	77	20	0	0	0	0	0	37	0	40	39	32	25	50	100	25636	11028	4520	3163	3163	0	3345	0	6	3339	14608	14556	52	52	0
Gambia, The	GMB	SSF	Low income	 904,231,525 	 521 	 746,275 	 1,736,890 	0		55	53	20	0	11	30	87	87	0	52	47	0	65	74	57	50	40	81	79	94	95	93	0	0	95	96	95	49	0	0	26	99	34	38	34	53	0	100	100	12	49	23	25	100	0	0	0	44	44	54	62	74	38	58	63	66	57	38	51	40	50	40	0	0	0	0	0	44	0	0	88	26	3	37	55	70	5	17	45	61	0	69	53	73	0	50	100	69	0	0	0	0	0	0	100	100	4460	4460	419	2777	2777	0	1264	0	0	1264	0	0	0	0	0
Georgia	GEO	ECS	Lower middle income	 10,185,767,104 	 2,280 	 2,097,784 	 4,464,990 	0		40	31	50	64	18	68	12	1	22	31	55	0	49	62	7	4	13	6	61	51	73	42	0	61	100	0	100	31	62	0	38	0	13	44	36	48	0	76	67	0	60	49	29	100	0	0	0	65	72	62	70	67	61	77	59	74	60	51	36	48	78	83	0	0	0	0	96	80	0	0	100	38	100	0	0	0	0	0	57	31	11	21	63	62	0	0	0	62	61	0	57	62	64	75	50	0	5544	2105	843	1111	1111	0	151	0	0	151	3439	3439	0	0	0
Ghana	GHA	SSF	Lower middle income	 19,290,345,778 	 775 	 12,052,688 	 24,809,240 	0		54	36	22	56	4	6	49	48	51	61	67	39	80	82	56	30	38	100	67	74	78	70	0	0	69	82	56	58	66	63	27	100	60	30	53	49	27	55	99	17	31	52	20	20	78	55	100	45	53	59	67	66	58	51	58	70	62	50	51	50	64	60	86	79	91	42	99	43	35	58	88	32	4	42	66	70	17	14	36	35	0	46	59	73	50	100	100	43	38	50	6	45	51	0	100	100	3252	2935	175	2304	1937	367	456	102	2	353	317	282	35	35	0
Guatemala	GTM	LCN	Lower middle income	 39,265,122,489 	 2,667 	 7,389,528 	 14,717,635 	0		43	34	47	50	33	58	21	0	21	49	52	0	71	33	46	1	95	43	45	57	72	48	51	39	23	0	23	54	73	50	27	78	33	59	45	39	0	60	94	2	39	59	35	23	58	15	100	56	45	54	73	62	60	54	58	63	58	40	34	29	62	66	0	0	0	0	91	68	0	0	92	37	44	14	0	50	0	4	67	55	8	100	57	92	100	100	100	70	48	50	67	39	34	75	50	0	3264	2509	1524	879	879	0	106	0	1	105	755	447	308	2	306
Guinea	GIN	SSF	Low income	 3,945,891,191 	 353 	 7,220,678 	 11,165,455 	1		62	72	66	99	39	59	77	98	57	67	70	46	92	72	65	27	68	99	71	61	83	100	0	100	76	84	69	74	100	88	58	97	49	55	38	42	0	67	99	4	12	27	0	9	61	22	100	29	28	37	43	68	33	36	28	39	60	28	19	20	38	44	0	0	0	0	0	53	0	0	60	30	31	3	4	0	4	1	30	69	0	100	39	0	0	0	0	0	25	25	0	0	0	25	50	100	842	803	366	436	399	37	2	0	0	2	39	0	39	0	38
Guinea-Bissau	GNB	SSF	Low income	 829,628,007 	 510 	 876,316 	 1,625,914 	1		64	74	67	0	52	83	81	99	63	64	69	30	100	77	60	28	60	91	62	79	84	74	0	0	43	0	43	63	0	0	58	92	32	71	58	42	0	70	99	0	31	46	35	12	100	0	100	31	28	33	47	50	35	50	30	15	20	27	34	21	38	47	0	0	0	0	0	52	0	0	78	28	29	3	0	10	0	0	35	29	0	41	45	50	0	0	100	0	0	0	0	0	0	25	50	100	2366	2366	158	2058	2058	0	150	0	18	132	0	0	0	0	0
Haiti	HTI	LCN	Low income	 5,534,005,125 	 551 	 4,673,323 	 10,037,131 	1		58	81	93	79	100	100	69	69	0	54	63	42	100	49	44	25	36	71	55	50	95	0	0	96	56	0	56	60	81	75	49	91	7	59	42	58	56	63	96	16	7	9	7	4	60	20	100	48	50	46	51	62	49	42	59	61	60	26	32	23	43	54	0	0	0	0	0	73	0	0	63	24	57	0	0	0	0	0	46	37	0	25	50	54	100	0	0	8	19	25	0	52	0	75	50	0	4596	4097	932	2924	2924	0	240	0	42	198	499	387	111	21	91
Honduras	HND	LCN	Lower middle income	 13,509,761,727 	 1,737 	 3,708,480 	 7,780,250 	0		37	35	47	62	29	49	22	27	18	37	51	0	69	33	23	2	38	30	51	61	79	44	0	0	32	0	32	60	80	50	48	92	26	65	26	38	0	54	98	0	39	52	9	54	0	1	0	46	40	51	65	58	59	48	52	57	62	32	41	29	59	65	0	0	0	0	89	66	0	0	93	33	43	5	11	0	0	3	51	58	0	60	56	73	100	0	0	47	47	50	71	41	26	25	50	100	3941	3467	1658	1639	1639	0	170	0	2	168	474	452	22	19	3
Hungary	HUN	ECS	Upper middle income	 129,677,271,384 	 13,018 	 3,054,327 	 9,961,569 	0		30	41	41	20	0	62	0	0	0	12	17	0	35	0	6	0	0	6	36	29	12	5	54	48	55	0	55	24	2	0	0	97	21	0	30	52	0	89	68	0	33	16	46	38	5	5	0	78	71	62	0	0	0	0	0	0	0	56	63	64	67	79	84	90	95	85	95	56	96	100	93	53	26	0	0	0	0	0	85	66	78	54	0	98	100	0	0	96	76	100	91	57	57	100	0	0	23984	21436	21436	0	0	0	0	0	0	0	2548	2548	0	0	0
India	IND	SAS	Lower middle income	 1,526,852,665,885 	 1,249 	 839,020,672 	 1,221,149,073 	0		51	47	39	7	34	78	54	70	38	79	73	0	82	64	85	100	87	69	35	40	53	74	80	88	33	0	33	33	56	25	45	58	16	1	42	47	50	27	89	21	20	38	7	17	59	17	100	53	62	53	63	68	55	53	56	64	58	39	25	49	52	64	66	97	69	77	75	0	81	100	92	47	0	70	0	70	0	0	44	51	27	58	67	47	100	0	0	89	51	75	30	49	0	25	50	100	2204	2152	1987	62	62	0	104	0	0	104	52	50	1	1	0
Indonesia	IDN	EAS	Lower middle income	 466,185,583,699 	 1,910 	 120,114,912 	 243,738,968 	0		43	25	28	14	19	50	23	21	25	70	86	0	80	92	53	70	72	18	41	42	4	65	0	100	26	0	26	55	81	50	52	72	30	45	37	27	0	10	98	1	18	55	0	0	67	33	100	58	54	50	55	60	56	59	50	57	51	36	36	38	58	73	74	81	46	41	94	75	62	100	91	38	96	40	0	40	0	0	61	38	12	51	51	98	100	100	100	93	58	50	69	55	0	50	0	100	2646	2142	1903	159	159	0	79	0	0	79	504	502	2	1	1
Iran, Islamic Rep.	IRN	MEA	Upper middle income	 272,269,859,693 	 3,609 	 21,727,462 	 75,460,233 	0		33	30	30	50	9	32	0	0	0	26	38	0	27	49	15	22	3	18	52	57	64	38	0	32	54	0	54	45	0	0	60	47	53	65	24	51	42	40	60	64	21	11	24	28	0	0	0	50	49	41	40	56	47	48	43	47	30	33	21	31	54	56	0	0	0	0	0	0	0	0	78	35	0	0	0	0	0	0	52	31	13	27	52	100	0	0	0	100	0	0	0	0	0	25	50	100	4539	4466	4428	9	9	0	29	0	0	29	73	73	0	0	0
Iraq	IRQ	MEA	Upper middle income	 86,841,749,323 	 2,724 	 9,814,603 	 31,776,257 	1		54	28	41	9	56	59	14	21	7	54	75	0	78	72	33	37	38	24	57	46	73	20	0	0	71	0	71	54	92	0	60	2	44	71	77	58	9	81	52	89	73	32	92	95	100	0	100	34	27	44	57	60	49	59	51	49	56	24	9	19	51	10	0	0	0	0	0	0	0	0	0	21	0	0	0	0	0	0	41	35	0	12	58	57	0	0	0	57	47	0	94	40	5	25	50	100	2403	2246	1566	674	674	0	5	0	0	5	158	156	1	0	1
Jordan	JOR	MEA	Upper middle income	 20,310,369,857 	 3,284 	 1,067,945 	 6,184,000 	0		27	3	6	4	0	12	1	1	0	22	35	0	35	36	9	6	5	17	34	56	84	27	0	0	2	0	2	43	64	50	20	49	0	74	49	75	99	78	66	56	58	62	86	26	15	30	0	54	65	62	80	70	60	75	65	60	60	52	41	56	58	64	0	0	0	0	97	42	0	0	97	40	43	71	100	0	95	17	42	49	36	62	50	44	0	0	0	89	51	50	100	41	11	25	50	100	6710	6562	4833	1423	1423	0	305	0	0	305	147	100	48	0	48
Kazakhstan	KAZ	ECS	Upper middle income	 95,557,744,519 	 5,763 	 7,682,935 	 16,559,516 	0		24	4	9	8	0	17	0	0	0	12	8	0	4	13	16	18	17	13	58	62	92	32	0	0	41	0	41	72	51	50	50	92	93	97	22	22	0	26	40	0	44	55	46	32	0	0	0	57	56	49	60	60	51	40	37	50	60	32	50	37	61	63	0	0	83	72	0	60	90	93	0	41	0	0	0	0	0	0	59	57	72	50	50	50	0	0	0	100	53	75	55	79	5	75	50	0	11478	11249	10740	15	15	0	493	0	0	493	229	229	0	0	0
Kenya	KEN	SSF	Low income	 29,231,236,541 	 694 	 31,966,438 	 42,058,730 	1		59	64	72	69	53	93	56	58	54	51	52	22	78	56	49	35	66	46	68	85	82	87	0	0	62	70	54	58	47	50	38	98	52	59	54	61	79	33	83	47	40	63	18	39	60	21	100	44	54	54	75	75	55	59	65	61	64	29	25	32	57	63	97	79	74	67	62	35	60	95	76	29	16	45	96	70	10	4	34	39	18	46	54	31	0	0	50	73	42	50	38	75	5	25	50	100	2081	1922	1103	589	589	0	229	0	0	229	159	49	111	16	94
Kuwait	KWT	MEA	High income: nonOECD	 108,755,222,473 	 34,882 	 53,611 	 3,117,091 	0		26	4	4	0	0	11	0	0	0	8	12	0	0	23	4	6	0	6	34	0	0	0	0	0	57	0	57	12	0	0	0	0	0	35	60	69	100	44	41	92	91	98	100	75	19	19	0	65	67	58	0	0	0	0	0	0	0	53	56	60	62	77	0	0	0	0	56	83	0	0	95	52	100	0	0	0	0	0	62	4	0	4	0	44	0	0	0	89	100	100	0	0	0	100	0	0	0	0	0	0	0	0	0	0	0	0	0	0	0	0	0
Kyrgyz Republic	KGZ	ECS	Low income	 3,755,938,778 	 678 	 3,577,262 	 5,534,520 	0		31	16	28	23	11	49	5	2	7	31	40	0	29	51	21	6	33	24	65	59	55	56	0	36	78	0	78	57	99	0	52	20	60	56	11	27	0	81	0	0	6	0	13	6	0	0	0	49	54	46	55	56	45	55	44	50	60	27	32	26	61	61	0	0	0	0	100	75	0	0	14	32	85	0	0	0	0	0	43	43	9	70	51	0	0	0	0	0	62	0	21	87	76	25	50	100	2287	1858	637	943	943	0	279	0	0	279	429	412	17	17	0
Lao PDR	LAO	EAS	Lower middle income	 5,071,580,793 	 776 	 4,284,852 	 6,520,110 	0		55	55	63	55	47	88	46	45	46	57	64	22	73	97	50	32	85	34	50	53	24	81	0	0	41	0	41	56	66	0	65	78	16	54	58	39	0	61	95	1	36	76	11	22	100	0	100	53	46	48	52	58	45	50	50	49	66	28	48	32	47	45	0	0	0	0	0	0	0	0	68	29	37	0	0	0	0	0	60	47	0	46	49	58	0	0	0	58	0	0	0	0	0	75	50	0	2841	2579	823	1544	1544	0	212	0	0	212	262	253	10	3	7
Lebanon	LBN	MEA	Upper middle income	 35,959,936,940 	 8,220 	 554,994 	 4,372,617 	0		33	12	12	2	0	32	0	0	0	22	25	0	37	13	20	33	24	2	35	24	47	0	0	0	56	0	56	26	60	0	30	21	0	20	62	62	70	100	46	31	24	35	29	9	100	0	100	56	71	53	70	66	61	63	56	68	55	33	18	36	62	62	0	0	0	0	0	0	0	0	81	43	0	98	94	0	100	100	42	39	3	45	69	61	0	0	0	61	0	0	0	0	0	25	50	100	7193	7176	4938	1970	1970	0	269	0	0	269	18	0	18	0	18
Lesotho	LSO	SSF	Lower middle income	 2,127,486,651 	 1,047 	 1,517,671 	 2,030,864 	0		61	56	54	79	23	60	59	45	72	61	76	0	51	100	46	17	75	47	64	63	99	90	0	100	56	55	57	72	80	0	53	99	76	52	65	59	53	100	40	43	35	5	65	37	100	0	100	55	50	54	63	60	60	52	30	60	58	53	57	45	52	59	0	0	0	0	0	72	0	0	63	28	71	37	77	50	1	18	60	80	89	97	55	59	0	0	100	77	26	0	8	45	0	75	50	0	3518	3518	2750	535	500	35	233	0	0	233	0	0	0	0	0
Liberia	LBR	SSF	Low income	 1,241,858,463 	 304 	 2,107,772 	 4,068,728 	1		75	90	85	92	82	81	95	90	100	77	94	100	100	82	59	27	59	91	85	82	91	73	0	0	100	0	100	72	78	0	65	100	44	71	49	33	0	35	98	0	15	1	36	9	100	0	100	40	38	39	47	41	45	34	32	32	43	38	38	30	45	63	0	0	0	0	0	64	0	0	94	30	63	12	40	0	1	5	43	18	0	21	34	25	0	50	0	0	53	0	73	34	0	75	50	0	15401	3496	505	2591	2562	29	400	1	5	394	11905	11176	729	16	713
Libya	LBY	MEA	Upper middle income	 50,259,167,401 	 8,269 	 1,351,304 	 6,092,863 	1		30	24	24	24	0	0	0	0	0	27	0	0	0	0	27	32	34	13	46	50	100	0	0	0	33	0	33	54	0	0	0	73	0	89	26	61	100	0	44	100	16	11	21	0	0	0	0	41	41	30	0	0	0	0	0	0	0	23	35	28	34	53	0	0	0	0	0	0	0	0	81	24	0	0	0	0	0	0	41	6	0	6	0	92	0	0	0	92	0	0	0	0	0	25	50	100	18812	18699	18617	61	61	0	20	0	0	20	114	114	0	0	0
Macedonia, FYR	MKD	ECS	Upper middle income	 8,925,885,938 	 4,242 	 904,917 	 2,103,879 	0		24	17	34	11	0	57	1	1	0	12	23	0	39	8	2	5	0	0	23	21	42	7	0	86	0	0	0	26	0	0	25	69	10	25	41	56	0	100	68	0	27	0	22	32	0	0	0	69	66	61	75	68	60	72	54	80	65	49	41	45	66	70	0	0	0	0	99	57	0	0	100	39	56	0	0	0	0	0	72	55	0	35	75	85	0	0	0	85	0	0	0	0	0	75	50	0	9056	8599	7399	355	355	0	846	0	0	846	457	457	0	0	0
Madagascar	MDG	SSF	Low income	 6,896,139,664 	 318 	 14,622,396 	 21,694,585 	1		71	87	85	79	77	100	89	78	100	88	98	94	100	100	78	83	98	53	72	78	56	100	0	0	65	84	46	72	96	88	40	69	57	81	38	30	0	0	93	28	26	45	19	13	59	18	100	50	46	50	57	64	49	50	64	69	41	42	35	33	47	62	85	63	64	63	99	52	8	100	83	38	27	27	11	90	4	4	53	44	26	51	54	54	100	0	100	16	39	25	2	100	28	75	50	0	1438	1259	712	482	478	5	64	0	0	64	178	176	2	2	0
Malawi	MWI	SSF	Low income	 4,641,481,637 	 300 	 13,037,878 	 15,462,723 	1		74	75	65	77	48	71	85	76	95	66	70	39	76	95	63	11	96	82	68	77	70	99	0	39	52	66	38	75	81	75	50	98	82	63	85	68	66	83	95	29	88	100	78	85	100	100	100	51	47	52	47	63	60	55	55	54	52	41	49	46	49	54	0	0	0	0	100	38	0	0	56	44	30	35	88	50	1	1	56	76	95	77	56	100	100	100	100	0	23	25	21	37	10	25	50	100	4116	4044	2357	1510	1285	225	177	0	0	177	72	57	15	10	5
Malaysia	MYS	EAS	Upper middle income	 217,951,464,587 	 7,570 	 8,128,483 	 28,756,404 	0		20	7	15	2	0	41	0	0	0	28	35	0	41	28	21	0	26	16	26	21	30	11	0	0	21	0	21	36	28	38	36	60	24	31	17	37	0	46	99	2	15	35	4	6	1	1	0	68	66	64	76	72	58	68	58	72	60	53	51	60	77	68	86	86	42	47	99	71	39	23	99	62	96	0	0	0	0	0	71	58	77	38	58	100	100	0	0	100	50	50	100	39	11	75	50	0	51131	49089	49069	20	20	0	0	0	0	0	2042	2042	0	0	0
Mali	MLI	SSF	Low income	 8,152,442,578 	 565 	 9,110,837 	 14,423,443 	1		64	50	15	31	0	15	85	93	76	75	61	0	35	87	89	84	83	100	66	68	83	69	0	48	51	71	30	80	95	63	37	95	90	100	66	61	0	70	93	81	68	91	59	54	70	40	100	45	49	53	57	68	65	48	59	55	71	37	31	39	48	62	90	0	56	57	93	52	98	50	74	25	29	31	55	50	10	10	42	47	0	85	57	33	0	0	100	0	13	13	0	0	0	75	50	0	4228	3948	24	2736	2736	0	1189	63	0	1126	280	234	46	18	27
Mauritania	MRT	SSF	Lower middle income	 3,423,142,435 	 923 	 1,578,659 	 3,702,856 	1		57	42	26	36	12	29	59	77	40	54	39	35	39	44	68	69	45	90	69	76	90	63	0	0	61	0	61	70	79	0	45	90	36	100	63	48	0	15	76	100	42	12	100	14	100	0	100	44	47	48	45	70	49	44	65	50	64	38	29	33	43	48	0	0	0	0	0	0	0	0	62	33	49	46	81	90	8	7	40	60	0	73	47	33	0	0	100	0	40	0	30	23	67	25	50	100	5966	5966	2935	2620	2620	0	411	0	0	411	0	0	0	0	0
Mexico	MEX	LCN	Upper middle income	 1,143,404,341,026 	 9,573 	 26,117,204 	 119,370,053 	0		23	12	20	28	0	30	5	9	1	18	26	0	27	26	9	4	18	5	48	52	39	30	56	6	43	0	43	48	83	25	43	72	11	53	15	40	0	33	91	35	2	0	3	3	4	7	0	67	68	59	67	65	65	72	60	69	69	42	36	39	68	77	77	85	93	90	85	35	96	94	100	50	39	0	0	0	0	0	66	69	61	74	73	94	100	0	0	89	75	75	95	44	85	25	50	100	24401	22276	22187	18	18	0	71	0	0	71	2125	2110	16	16	0
Moldova	MDA	ECS	Lower middle income	 4,233,512,294 	 1,189 	 1,962,781 	 3,561,144 	0		40	31	62	0	0	62	1	1	1	25	43	0	55	31	6	5	2	11	40	37	62	50	99	0	31	0	31	52	81	0	34	88	24	35	65	57	0	90	79	0	39	6	52	57	100	0	100	59	63	60	72	69	65	74	60	71	60	37	46	42	60	66	0	0	0	0	97	65	0	0	81	31	53	0	0	0	0	0	55	61	56	58	67	62	0	0	0	62	43	0	46	51	31	0	0	0	5189	4488	2752	1491	1491	0	245	0	0	245	702	702	0	0	0
Mongolia	MNG	EAS	Lower middle income	 4,728,711,280 	 1,711 	 866,890 	 2,754,945 	0		39	37	54	25	55	83	20	20	0	23	38	0	43	33	8	2	17	4	64	61	84	38	0	0	63	0	63	67	0	0	66	87	82	100	31	20	0	59	0	0	73	36	84	100	0	0	0	59	62	51	59	60	45	50	41	59	50	37	61	43	60	72	0	0	0	0	99	83	0	0	49	27	100	0	0	0	0	0	56	40	16	54	51	54	0	0	0	54	54	0	100	42	20	75	50	0	6787	6780	3606	2562	2562	0	612	0	0	612	7	0	7	7	0
Morocco	MAR	MEA	Lower middle income	 91,421,450,098 	 2,800 	 13,417,446 	 32,101,528 	0		35	16	9	21	3	4	22	33	12	28	40	0	10	69	17	8	21	22	35	51	81	30	59	0	4	0	4	49	57	50	33	82	9	62	61	63	73	52	71	54	62	55	99	33	58	16	100	40	38	60	67	80	58	64	64	80	60	43	41	46	62	34	0	27	0	0	98	0	76	15	99	54	8	20	41	0	16	3	43	37	20	26	66	50	0	0	0	100	58	75	55	45	0	25	50	100	6033	5801	4069	1047	1047	0	685	0	0	685	233	233	0	0	0
Mozambique	MOZ	SSF	Low income	 11,285,807,531 	 458 	 16,916,344 	 24,589,361 	0		69	73	65	49	68	78	81	89	74	74	84	51	100	100	65	30	84	82	72	65	97	96	0	99	76	94	58	75	0	75	47	98	60	95	57	36	0	30	94	21	70	82	31	97	63	27	100	48	46	54	60	66	57	60	54	56	60	40	55	38	52	56	67	82	56	5	100	54	63	49	81	26	30	27	29	70	0	7	51	45	16	56	63	49	100	0	50	47	34	25	9	67	0	75	50	0	4831	4451	773	3487	1173	2314	190	0	12	178	380	337	43	11	32
Myanmar	MMR	EAS	Low income			 35,642,684 	 52,375,764 	1		43	49	49	35	38	74	0	0	0	45	43	0	41	46	46	40	66	31	29	25	33	0	0	84	0	0	0	64	0	75	67	79	10	87	51	34	0	39	92	6	55	100	10	57	63	26	100	30	27	27	22	31	19	25	36	27	22	21	27	22	42	55	0	0	0	0	0	72	0	0	78	25	47	0	0	0	0	0	33	9	5	0	21	75	100	0	100	100	25	25	0	0	0	25	50	100	667	527	393	134	134	0	0	0	0	0	140	104	36	0	36
Namibia	NAM	SSF	Upper middle income	11043543144.0473	4967.2955859375	 1,272,900 	 2,220,558 	0		56	65	80	42	97	100	51	65	37	55	68	0	82	54	41	36	39	49	72	71	100	43	0	0	66	68	64	78	0	0	40	99	87	85	33	54	0	87	68	62	44	12	39	80	0	0	0	49	57	58	53	60	60	50	55	60	55	56	68	54	63	63	0	0	0	0	0	72	0	0	80	30	71	49	100	0	8	40	41	45	68	6	60	0	0	0	0	0	55	0	23	86	0	25	50	100	14743	12647	11283	1357	1357	0	7	0	2	5	2095	2008	88	0	88
Nepal	NPL	SAS	Low income	12184117936.4582	448.2361352539	 22,496,750 	 27,163,832 	1		48	34	27	17	16	47	40	51	30	61	59	15	69	92	64	60	78	54	49	52	60	96	49	98	40	0	40	54	71	75	50	40	14	72	50	43	0	84	86	3	22	27	5	34	84	68	100	42	38	46	59	57	36	51	51	58	41	36	21	32	60	59	0	0	0	0	98	55	0	0	51	21	69	9	19	15	2	1	46	37	18	35	57	90	100	100	100	61	34	25	55	52	3	25	50	100	1500	1415	890	468	468	0	56	0	0	56	85	4	81	1	80
Nicaragua	NIC	LCN	Lower middle income	8822329316.45308	1491.6887744141	 2,507,579 	 5,908,579 	0		39	38	52	51	42	62	25	34	15	36	56	0	69	44	16	3	44	0	45	54	70	33	62	27	25	0	25	57	88	38	50	88	22	55	38	32	0	32	97	1	22	57	5	4	60	21	100	50	44	53	69	69	58	53	46	57	61	35	43	35	56	58	71	59	90	52	88	64	26	36	79	31	45	19	33	0	3	22	56	57	0	55	58	89	100	0	0	77	53	25	60	73	0	25	50	100	7572	5026	1836	2937	2937	0	253	0	1	253	2546	2516	29	8	22
Niger	NER	SSF	Low income	5373701390.61684	324.2300891113	 13,596,005 	 16,539,294 	1		71	65	52	92	20	44	77	100	54	75	56	61	37	69	94	100	84	99	85	99	100	99	0	0	64	87	42	90	100	100	40	100	100	100	58	62	35	37	77	100	51	77	25	49	62	24	100	45	50	46	50	73	41	40	45	51	58	38	27	38	42	34	0	0	0	0	0	52	0	0	21	34	29	70	0	70	0	0	40	56	36	70	61	68	100	0	100	71	12	0	2	33	0	25	50	100	2445	2265	1142	876	876	0	248	0	0	248	180	0	180	10	170
Nigeria	NGA	SSF	Lower middle income	192676388689.285	1170.7894726563	 91,376,088 	 164,346,169 	1		58	59	38	64	10	40	80	74	86	78	77	0	71	82	79	77	68	91	65	56	84	29	0	0	66	74	59	71	70	75	38	99	95	50	31	53	45	34	99	32	24	12	12	49	18	35	0	37	38	44	53	62	47	47	52	65	52	28	9	26	43	55	73	73	89	45	0	49	12	73	80	34	26	15	18	25	3	12	36	28	5	33	45	89	100	100	100	54	2	0	0	7	0	25	50	100	1499	1360	1092	155	155	0	113	0	0	113	138	134	4	4	0
Oman	OMN	MEA	High income: nonOECD	48733538153.0731	15897.3921875	 748,457 	 3,087,442 	0		32	14	14	0	6	35	0	0	0	21	16	0	22	10	26	36	9	33	35	50	0	50	0	0	42	0	42	15	0	0	0	0	8	53	59	66	89	4	75	97	52	8	100	48	0	0	0	58	80	61	0	0	0	0	0	0	0	53	61	62	67	85	0	0	0	0	96	81	0	0	99	50	97	95	100	0	84	100	36	0	0	0	0	84	0	0	0	84	0	0	0	0	0	25	50	100	0	0	0	0	0	0	0	0	0	0	0	0	0	0	0
Pakistan	PAK	SAS	Lower middle income	155817092536.971	884.2078759766	 110,911,664 	 176,142,473 	1		53	48	51	25	50	78	45	59	31	65	56	0	71	41	74	68	86	69	52	52	56	62	0	63	58	0	58	45	93	50	45	3	44	38	49	61	56	56	83	50	21	18	5	39	64	29	100	55	62	45	58	55	48	51	47	63	56	29	0	33	57	71	89	62	82	72	88	49	84	100	84	35	39	70	0	70	0	0	48	36	10	47	52	61	100	0	100	43	19	25	12	27	13	75	50	0	882	860	573	186	186	0	101	0	0	101	22	19	2	0	2
Panama	PAN	LCN	Upper middle income	29349653820.1347	7828.7867578125	 1,293,428 	 3,740,141 	0		28	22	36	26	25	57	8	0	8	27	39	0	49	28	16	1	30	16	46	29	64	31	77	100	53	0	53	56	70	75	36	94	11	52	17	39	0	56	97	4	13	0	26	12	0	0	0	66	55	58	74	66	57	62	65	59	49	43	48	47	66	70	0	0	0	0	98	59	0	0	100	45	50	37	77	0	7	26	77	64	32	100	60	94	100	0	0	89	49	50	88	46	11	100	0	0	9165	8473	8116	226	226	0	131	0	2	129	692	688	4	4	0
Paraguay	PRY	LCN	Lower middle income	13281612957.9615	2017.3463427734	 2,713,545 	 6,573,971 	0		37	21	35	11	24	69	8	0	8	28	45	0	65	26	11	1	27	6	67	62	44	41	0	0	68	0	68	72	84	63	43	98	71	76	31	38	0	49	97	5	46	65	49	26	10	20	0	62	62	53	64	64	59	53	58	60	66	33	35	32	61	70	0	0	0	0	99	67	0	0	64	36	83	0	0	0	0	0	62	46	0	39	53	81	100	0	0	61	47	50	67	50	23	75	50	0	7852	6239	5108	908	908	0	223	0	7	216	1613	1613	0	0	0
Peru	PER	LCN	Upper middle income	128802671132.658	4340.9100292969	 6,736,135 	 29,635,085 	0		35	28	39	41	19	57	18	28	7	38	57	0	55	59	20	0	35	24	37	37	26	49	0	0	18	0	18	56	82	50	33	39	55	77	37	34	0	35	80	19	25	59	4	11	52	4	100	61	61	60	78	77	63	65	66	73	55	43	32	38	69	73	0	0	0	0	40	87	0	0	97	42	98	50	0	50	0	0	61	50	10	76	64	60	100	0	50	92	57	63	95	44	27	75	50	0	7093	6470	3698	1336	1336	0	1436	0	1	1434	623	608	14	14	0
Philippines	PHL	EAS	Lower middle income	160011947600.899	1680.1996777344	 52,265,080 	 95,096,899 	0		42	34	55	78	29	57	14	14	0	61	81	98	80	64	40	37	63	22	42	42	40	61	0	76	37	0	37	47	76	50	48	71	16	20	30	25	0	0	97	1	12	22	5	10	52	5	100	60	65	55	60	77	52	59	64	69	68	37	22	39	55	66	68	75	65	43	73	67	71	58	95	42	73	75	0	75	0	0	55	58	33	85	56	87	100	100	100	47	50	50	0	0	0	25	50	100	3818	3282	3029	203	203	0	49	0	0	49	536	536	0	0	0
Qatar	QAT	MEA	High income: nonOECD	129394290203.319	68319.61828125	 22,428 	 1,888,777 	0		34	0	0	0	0	0	0	0	0	5	0	0	0	0	5	0	0	5	71	100	0	0	0	0	100	0	100	14	26	0	0	3	0	14	62	67	100	21	46	100	56	30	56	83	0	0	0	66	68	72	0	0	0	0	0	0	0	77	74	69	69	64	0	0	0	0	0	82	0	0	87	50	99	0	0	0	0	0	65	80	0	80	0	89	0	0	0	89	0	0	0	0	0	25	50	100	0	0	0	0	0	0	0	0	0	0	0	0	0	0	0
Romania	ROM	ECS	Upper middle income	135570374832.362	6725.5791796875	 9,281,728 	 20,160,723 	0		31	30	30	43	0	17	0	0	0	14	14	0	0	28	14	15	19	7	45	33	42	9	0	52	66	0	66	37	49	13	35	65	30	30	35	40	0	50	70	0	39	8	59	50	26	26	0	75	70	57	60	64	49	72	51	55	60	45	54	51	64	82	92	98	94	86	75	56	92	100	98	34	0	0	0	0	0	0	79	58	66	49	60	96	100	0	0	92	63	75	86	66	24	100	0	0	23889	21704	21440	0	0	0	263	0	0	263	2185	2185	0	0	0
Rwanda	RWA	SSF	Low income	4829992397.51841	432.1820227051	 8,364,072 	 11,149,008 	1		68	77	72	42	84	90	81	77	85	49	56	32	94	41	42	12	87	29	71	82	71	93	0	0	68	94	42	63	57	63	32	100	100	30	76	67	64	95	84	27	79	99	85	54	82	64	100	41	50	63	68	61	70	70	73	66	73	59	46	44	61	48	0	0	0	0	97	35	0	0	67	19	20	39	59	90	1	6	32	54	26	63	74	43	50	0	100	23	7	25	0	0	2	25	50	100	2867	2768	1140	1436	1436	0	192	0	0	192	99	99	0	0	0
Saudi Arabia	SAU	MEA	High income: nonOECD	532888398515.466	19149.8146875	 4,917,289 	 27,786,643 	0		25	8	8	4	0	20	0	0	0	34	33	0	31	36	34	63	8	30	22	16	8	0	61	0	2	0	2	47	35	25	0	49	0	79	35	64	100	0	55	100	14	10	33	0	26	26	0	68	61	54	0	0	0	0	0	0	0	48	42	54	73	67	0	0	0	0	0	80	0	0	98	56	100	0	0	0	0	0	75	75	0	75	0	100	100	0	0	100	100	100	0	0	0	25	50	100	0	0	0	0	0	0	0	0	0	0	0	0	0	0	0
Senegal	SEN	SSF	Lower middle income	12333690961.0388	924.0477587891	 7,669,813 	 13,345,486 	0		62	62	59	48	39	89	66	83	48	60	59	30	80	67	61	48	35	100	68	89	91	87	0	0	45	50	41	68	97	75	28	97	37	77	58	46	6	50	100	27	65	51	43	100	64	27	100	48	53	56	73	78	50	53	60	65	68	41	46	43	43	62	99	31	65	83	100	52	46	42	100	37	29	42	77	80	8	2	43	76	99	69	60	8	0	0	0	31	13	0	7	35	11	75	50	0	8405	8237	6063	1886	1886	0	288	0	14	274	168	0	168	0	168
Serbia	SRB	ECS	Upper middle income	35021627657.8772	4836.6726757813	 3,240,001 	 7,241,910 	0	0	26	22	43	10	0	76	0	0	0	17	26	0	37	15	7	15	2	6	32	23	15	28	77	74	0	0	0	41	27	13	0	98	0	28	34	59	0	98	78	0	28	0	40	15	16	31	0	50	52	48	0	0	0	0	0	0	0	44	44	42	60	57	0	0	0	0	0	54	0	0	99	36	40	0	0	0	0	0	47	38	32	44	0	0	0	0	0	0	49	75	21	73	27	100	0	0	12413	7966	7617	347	347	0	2	0	0	2	4447	4447	0	0	0
Sierra Leone	SLE	SSF	Low income	2810470295.44362	477.4556884766	 3,602,736 	 5,865,890 	1	0	70	82	73	85	60	76	90	97	83	78	81	78	90	74	75	49	80	96	66	73	79	67	0	0	57	95	19	67	83	75	43	99	46	58	53	34	0	39	98	0	69	100	47	59	56	13	100	32	38	48	62	60	55	43	40	57	58	32	45	32	45	43	0	0	0	0	0	49	0	0	78	26	19	22	11	70	2	3	27	19	2	0	55	67	0	100	100	0	22	0	38	50	0	0	100	100	2865	1830	215	1452	1452	0	162	154	3	5	1036	942	93	16	78
Somalia	SOM	SSF	Low income			 6,178,643 	 9,923,129 	1	0	71	64	29	29	0	0	100	100	0	82	0	0	0	0	82	100	82	63	69	97	97	0	0	0	50	0	50	61	0	0	35	82	29	97	67	57	54	22	80	74	43	7	80	0	100	0	100	26	32	51	70	84	62	68	63	65	80	17	0	1	0	13	0	0	0	0	0	0	0	0	0	13	0	0	0	0	0	0	20	35	0	17	53	0	0	0	0	0	0	0	0	0	0	25	50	100	864	857	3	854	586	268	0	0	0	0	7	0	7	2	5
South Africa	ZAF	SSF	Upper middle income	357722598115.471	6932.9308789063	 19,209,438 	 51,580,035 	0	0	37	24	31	59	0	33	18	20	16	43	42	0	35	49	43	37	61	32	35	23	26	20	0	0	24	0	24	58	40	50	45	87	87	41	45	58	70	22	79	60	28	20	44	21	50	0	100	62	63	60	73	65	66	60	60	58	61	50	49	52	70	87	99	90	99	97	82	72	97	100	84	65	71	41	100	30	9	25	60	45	27	38	71	66	100	0	100	66	55	75	0	44	100	75	50	0	3275	2774	2672	98	98	0	4	0	0	3	502	493	9	9	0
Sri Lanka	LKA	SAS	Lower middle income	41613170380.1311	2024.8227636719	 16,792,272 	 20,556,600 	1	0	41	32	58	45	57	72	5	0	5	58	74	0	86	62	43	82	25	23	40	47	30	65	0	0	45	0	45	26	3	50	38	54	13	0	36	29	17	0	98	1	16	23	2	23	63	26	100	55	52	51	57	61	52	50	43	60	57	44	33	48	58	53	74	39	77	41	99	15	21	100	85	30	0	0	0	0	0	0	58	37	30	30	52	91	100	0	0	81	53	50	64	92	7	50	100	0	4115	3871	3306	366	366	0	199	6	0	193	244	243	1	1	0
Sudan	SDN	SSF	Lower middle income	42585461199.2343	1036.2058251953	 24,323,766 	 36,419,152 	1	0	60	55	60	44	57	80	50	73	28	41	41	0	49	33	0	0	0	0	78	79	100	57	0	0	69	78	60	85	95	100	46	90	82	100	64	69	69	49	97	62	22	20	20	27	100	0	100	38	42	42	52	57	40	50	53	56	57	23	2	25	50	59	88	88	78	33	0	0	78	78	66	22	0	24	11	50	13	22	35	56	0	78	33	34	0	0	100	34	0	0	0	0	0	50	100	0	3079	2616	2037	268	268	0	311	0	0	311	463	460	3	0	3
Swaziland	SWZ	SSF	Lower middle income	3451318376.13438	2847.3788769531	 952,084 	 1,211,897 	0	0	48	54	70	52	59	98	39	26	52	54	76	0	88	64	32	0	57	38	59	74	91	57	0	0	43	34	52	61	62	0	52	72	67	54	25	50	0	88	89	23	26	0	59	20	0	0	0	48	58	50	53	52	63	33	52	60	51	45	44	40	58	83	0	0	0	0	100	72	0	0	89	0	71	41	100	0	12	11	39	40	57	6	57	39	0	0	0	39	52	0	79	48	28	25	50	100	15333	9811	8117	1018	1018	0	676	0	0	676	5522	4851	671	15	657
Syrian Arab Republic	SYR	MEA	Lower middle income			 9,641,067 	 21,954,135 	1	0	49	19	34	34	0	0	4	6	2	45	0	0	0	0	45	61	49	25	58	54	82	26	0	0	70	0	70	50	72	75	38	71	10	35	74	71	77	82	51	72	53	35	71	0	100	0	100	39	51	51	65	59	55	68	74	59	52	28	17	33	51	50	0	0	0	0	0	21	0	0	93	37	0	0	0	0	0	0	28	47	23	49	69	41	0	0	0	81	0	0	0	0	0	25	50	100	6057	6023	5542	232	232	0	249	0	0	249	34	27	7	2	6
Tajikistan	TJK	ECS	Low income	3991243893.35629	509.1727038574	 5,744,805 	 7,821,279 	0	0	51	41	70	23	87	100	12	16	8	58	84	0	96	72	32	36	50	11	50	58	51	64	0	0	26	0	26	66	100	75	63	11	95	52	55	17	9	60	0	0	48	85	26	32	100	0	100	44	41	43	55	56	41	39	51	54	51	27	29	26	44	38	0	0	0	0	0	65	0	0	0	25	62	0	0	0	0	0	48	27	0	0	54	39	0	0	0	77	27	25	17	67	0	100	0	0	2046	2012	1328	594	594	0	90	0	0	90	34	7	27	0	27
Tanzania	TZA	SSF	Low income	28334358023.9006	627.5723193359	 33,014,292 	 46,400,784 	0	0	64	72	74	55	81	87	70	79	60	58	58	26	90	59	58	22	77	74	69	71	86	89	5	87	67	83	50	71	83	63	48	99	60	72	55	48	34	36	94	27	54	66	63	32	64	28	100	49	54	58	62	70	63	64	76	60	66	37	49	40	55	61	90	88	70	34	90	34	63	64	86	30	18	42	55	100	4	8	44	63	35	86	68	50	0	50	100	50	38	25	85	36	6	25	50	100	2637	2497	1652	575	575	0	270	0	0	269	140	116	24	11	13
Thailand	THA	EAS	Upper middle income	248120048439.548	3724.19359375	 36,385,336 	 66,610,297 	0	0	32	14	27	0	16	66	1	2	0	42	61	0	82	41	22	33	24	10	38	44	47	62	0	75	42	0	42	29	4	25	18	60	28	37	34	39	0	48	98	7	12	9	0	26	51	2	100	60	63	66	88	81	66	76	70	81	71	44	24	46	76	61	81	99	53	40	77	1	47	100	97	53	20	0	0	0	0	0	56	52	48	36	73	98	100	0	0	96	49	50	95	48	2	25	50	100	9818	9617	9564	30	30	0	23	0	0	23	200	200	0	0	0
Timor-Leste	TMP	EAS	Lower middle income	945831225.396825	846.6181835938	 776,762 	 1,112,997 	1	1	63	71	79	0	72	87	62	81	42	85	91	0	90	92	79	100	100	38	68	76	65	87	0	0	58	0	58	70	0	0	62	78	0	0	28	39	0	62	93	1	45	25	55	55	0	0	0	46	49	37	43	47	43	32	33	33	36	31	41	25	43	60	0	0	0	0	0	92	0	0	73	17	0	0	0	0	0	0	42	26	0	13	39	96	0	0	0	96	22	0	27	40	0	25	50	100	6800	5790	1721	3946	3946	0	123	0	34	89	1010	530	480	0	480
Togo	TGO	SSF	Low income	3039806794.99132	468.7849645996	 4,012,892 	 6,476,537 	1	0	69	70	66	98	37	62	75	72	77	75	94	0	90	97	56	22	54	91	74	83	89	77	0	0	64	88	39	73	92	75	59	100	64	51	56	60	27	87	97	29	18	29	0	25	91	82	100	29	36	38	37	43	33	39	35	39	45	30	44	32	41	59	92	0	76	34	0	52	40	100	80	29	29	9	29	0	7	2	23	34	3	56	43	35	0	100	0	39	0	0	0	0	0	25	50	100	1707	1707	1060	524	524	0	122	0	0	122	0	0	0	0	0
Trinidad and Tobago	TTO	LCN	High income: nonOECD	21863418353.4061	16408.4208984375	 1,213,245 	 1,332,457 	0	1	30	19	32	26	17	52	5	5	0	23	27	0	47	8	18	25	0	29	56	63	81	48	0	39	81	0	81	23	0	0	43	72	0	0	25	34	4	31	96	3	16	5	13	30	0	0	0	75	58	56	58	68	56	61	53	58	63	44	51	46	63	67	0	0	0	0	98	36	0	0	98	0	38	51	100	0	14	39	92	90	0	100	80	85	0	0	0	85	0	0	0	0	0	100	0	0	0	0	0	0	0	0	0	0	0	0	0	0	0	0	0
Tunisia	TUN	MEA	Upper middle income	47754371999.6918	4476.5062695313	 3,614,354 	 10,664,900 	0	0	28	2	0	0	0	1	3	3	0	18	26	0	4	49	10	11	10	10	53	62	78	28	0	19	53	0	53	44	0	50	15	84	7	65	37	68	89	49	52	83	37	14	39	58	7	14	0	59	61	62	80	70	64	66	73	54	66	47	42	49	68	48	0	0	0	0	98	0	0	0	98	43	3	74	60	0	89	73	57	67	70	58	73	86	100	0	0	73	50	50	0	0	0	25	50	100	19795	18595	16800	519	519	0	1276	0	0	1276	1199	1199	0	0	0
Turkey	TUR	ECS	Upper middle income	691194021995.63	9448.4395898438	 20,984,850 	 73,073,407 	0	0	20	6	10	30	0	0	1	0	1	13	17	0	0	33	9	4	9	13	39	50	50	19	33	37	38	0	38	31	17	25	25	75	14	29	23	32	5	49	68	5	14	7	17	17	23	47	0	61	51	64	80	69	64	75	80	57	75	52	29	52	67	50	24	32	34	20	94	0	73	100	98	59	19	40	47	0	56	18	71	47	33	30	76	69	100	0	0	39	67	75	83	97	13	100	0	0	42468	40071	39815	51	51	0	205	0	0	205	2397	2397	0	0	0
Turkmenistan	TKM	ECS	Upper middle income	17679301052.6316	3452.5004101563	 2,619,133 	 5,108,126 	0	0	36	13	13	0	0	40	0	0	0	37	39	0	14	64	34	36	50	17	65	56	68	44	0	0	67	0	67	72	100	0	0	0	100	88	30	38	0	64	70	19	52	47	41	68	0	0	0	35	32	33	0	0	0	0	0	0	0	22	56	22	0	31	0	0	0	0	0	0	0	0	0	31	0	0	0	0	0	0	38	0	0	0	0	0	0	0	0	0	0	0	0	0	0	75	50	0	3408	3333	3307	26	26	0	0	0	0	0	75	75	0	0	0
Uganda	UGA	SSF	Low income	16554437708.828	469.7644226074	 29,967,832 	 35,184,868 	1	0	64	66	67	66	58	76	65	81	49	57	63	0	98	28	51	22	63	67	81	85	70	100	0	0	91	81	100	67	75	50	40	100	94	41	53	52	47	57	98	7	12	4	25	8	95	89	100	46	48	53	63	65	63	70	50	55	61	31	31	43	50	42	61	22	57	58	0	34	58	58	65	34	18	48	100	90	2	1	45	42	11	47	69	54	0	50	100	66	58	50	84	40	0	25	50	100	1421	1341	405	653	647	5	284	0	0	284	80	60	20	12	7
Ukraine	UKR	ECS	Lower middle income	107588596242.337	2352.4513964844	 14,234,723 	 45,742,600 	0	0	27	14	26	15	0	37	1	1	0	19	24	0	27	21	15	0	39	6	30	40	41	29	51	0	0	0	0	49	55	25	0	94	30	42	46	42	0	66	60	0	39	46	38	32	58	16	100	62	53	38	0	0	0	0	0	0	0	30	45	34	45	68	93	97	86	52	79	70	35	64	70	39	69	0	0	0	0	0	70	33	36	30	0	100	100	0	0	0	48	75	59	38	20	100	0	0	8109	5219	5128	91	91	0	0	0	0	0	2890	2890	0	0	0
Uruguay	URY	LCN	High income: nonOECD	28022438750.0266	8279.1114453125	 182,529 	 3,383,643 	0	0	23	9	18	3	0	50	0	0	0	16	27	0	27	28	5	1	14	0	39	37	25	10	78	8	28	0	28	51	73	75	36	87	7	31	28	39	0	36	84	35	40	55	30	33	7	7	0	72	74	71	77	78	79	68	56	76	81	75	66	62	61	77	0	0	0	0	98	67	0	0	92	43	83	0	0	0	0	0	70	65	0	62	68	100	100	0	0	100	65	75	92	78	14	50	0	100	974	974	0	974	974	0	0	0	0	0	0	0	0	0	0
Uzbekistan	UZB	ECS	Lower middle income	27237970200.1412	932.5440649414	 18,589,846 	 29,137,380 	0	0	30	15	28	20	10	56	3	3	0	40	50	0	39	62	30	20	31	40	40	39	10	48	42	0	23	0	23	57	70	75	47	3	94	54	24	41	45	76	44	0	32	72	10	13	0	0	0	29	30	37	33	40	31	40	50	40	38	25	37	24	44	24	0	0	0	0	0	37	0	0	1	35	0	0	0	0	0	0	27	32	0	8	55	0	0	0	0	0	50	50	0	0	0	25	50	100	2905	2876	2435	180	180	0	262	0	0	262	28	28	0	0	0
Venezuela, RB	VEN	LCN	Upper middle income	213510248555.689	7235.3878515625	 3,300,263 	 29,497,387 	0	0	27	23	23	31	0	39	0	0	0	21	24	0	31	18	17	18	17	16	40	28	44	12	0	0	51	0	51	40	43	25	33	61	11	68	25	41	0	55	100	9	21	0	26	37	13	25	0	68	49	53	73	80	64	66	59	59	75	26	27	16	38	45	0	0	0	0	97	45	0	0	35	33	16	0	0	0	0	0	87	54	30	70	63	93	100	0	0	85	100	100	0	0	0	100	0	0	22003	20199	20189	10	10	0	0	0	0	0	1804	1803	1	1	0
Vietnam	VNM	EAS	Lower middle income	96237132925.4377	1094.3462231445	 60,581,388 	 87,855,860 	0	0	27	18	30	8	27	55	5	5	5	41	57	0	47	67	25	20	40	15	32	28	0	83	0	99	31	0	31	38	76	25	44	28	22	32	19	39	0	57	97	4	18	54	1	0	0	0	0	59	52	58	61	74	62	58	71	55	64	39	54	40	60	69	74	100	75	60	95	47	47	100	84	41	38	30	0	30	0	0	66	37	29	20	61	96	100	100	100	85	55	50	49	100	22	75	50	0	3497	2770	2049	505	505	0	216	0	0	216	727	722	5	0	5
West Bank and Gaza	WBG	MEA	Lower middle income	6508986699.31735	1652.7631005859	 1,007,578 	 3,931,356 	1	0	39	18	34	34	0	0	3	3	0	13	0	0	0	0	13	13	12	0	51	61	83	38	0	0	0	0	0	41	71	0	30	49	0	14	74	78	97	0	0	60	45	0	45	0	100	0	100	48	67	53	65	72	64	52	54	70	60	38	11	42	51	81	0	0	0	0	0	0	0	0	81	0	0	0	0	0	0	0	29	39	23	38	57	0	0	0	0	0	20	0	20	37	2	0	0	0	7689	7689	2201	5361	5361	0	127	0	0	127	0	0	0	0	0
Yemen, Rep.	YEM	MEA	Lower middle income	21301467911.2138	915.972434082	 15,774,475 	 23,311,326 	1	0	63	53	66	47	61	90	39	65	13	82	87	100	84	77	77	72	92	68	57	81	94	68	0	0	37	0	37	55	99	75	33	44	15	62	59	62	100	0	57	92	39	69	26	23	75	50	100	37	48	50	72	69	47	70	56	60	63	27	2	27	57	63	0	0	0	0	0	66	0	0	71	37	76	32	49	70	7	2	26	42	19	55	51	19	50	0	0	27	18	0	18	48	8	25	50	100	1885	1261	573	553	553	0	134	0	0	134	624	554	71	0	71
Zambia	ZMB	SSF	Lower middle income	15598610658.6522	1139.3241894531	 8,306,017 	 13,657,910 	0	0	75	91	94	81	100	100	89	78	100	81	97	0	96	97	65	30	100	65	62	74	60	88	0	0	38	46	29	73	70	63	40	96	100	73	65	40	0	56	92	13	82	100	46	100	73	47	100	39	38	53	60	55	55	50	50	60	58	41	60	41	58	33	27	40	84	24	100	37	0	0	33	21	0	28	33	70	3	7	40	46	40	53	45	73	0	100	100	92	39	25	1	93	0	0	100	100	4782	4094	2898	928	884	44	268	0	0	268	688	657	31	27	5
Zimbabwe	ZWE	SSF	Low income	6694822797.01599	496.5541638184	 9,003,689 	 13,439,720 	1	0	69	61	81	63	81	100	41	41	0	64	80	0	94	67	48	14	63	66	79	100	100	99	0	0	69	49	89	68	45	0	67	96	85	46	70	63	53	56	89	56	48	63	63	18	100	0	100	31	29	22	13	25	10	20	32	23	2	23	31	15	42	42	48	0	0	68	100	23	95	33	31	30	36	23	59	0	1	8	33	23	0	56	12	0	0	0	0	0	0	0	0	0	0	75	50	0	1518	1231	72	1057	1008	49	103	0	1	101	287	276	11	4	7
South Asia	SAS	SAS	South Asia	310845089382.4	967.306965332	 186,032,352 	 271,180,960 			53	47	47	23	42	75	47	63	32	68	70	14	80	76	66	70	76	52	48	53	48	77	48	84	48	0	48	44	64	45	46	41	19	35	47	44	25	47	86	18	22	29	13	24	74	38	100	47	47	46	58	60	44	48	50	59	52	33	17	35	52	54	65	49	64	53	90	40	64	100	64	32	28	38	26	46	3	2	47	38	21	41	52	73	100	60	80	51	40	45	36	58	18	38	58	67	2345	2266	1385	731	731	0	150	13	0	137	79	57	21	1	20
Europe & Central Asia	ECS	ECS	Europe & Central Asia	72649586769.92	5416.4914257813	 5,387,524 	 13,365,693 			30	22	34	23	15	50	3	2	5	23	30	0	29	32	15	15	22	11	40	38	46	28	60	60	41	0	41	44	52	35	38	58	38	41	35	41	8	75	52	5	39	40	37	41	21	27	21	59	58	53	64	64	54	65	58	63	61	40	45	41	61	64	78	81	82	69	93	59	82	92	73	39	60	40	47	0	56	18	60	43	48	32	62	68	55	0	0	81	52	64	55	62	33	80	24	16	12314	11057	10217	547	547	0	293	1	0	292	1257	1255	2	1	1
Middle East & North Africa	MEA	MEA	Middle East & North Africa	109934211891.2	12453.0621875	 8,300,891 	 21,775,906 			35	14	18	16	11	25	11	17	6	29	39	100	29	48	25	32	26	22	43	53	67	29	60	31	41	0	41	38	57	49	35	39	13	52	54	64	83	36	55	79	48	40	55	48	49	30	58	51	56	54	68	66	57	63	60	62	58	42	33	44	59	58	49	43	43	27	60	49	59	38	85	41	63	58	61	70	63	45	45	41	34	38	63	65	39	0	0	75	44	47	57	42	6	31	44	94	6013	5836	4931	709	709	0	195	0	0	195	177	169	9	0	8
Sub-Saharan Africa	SSF	SSF	Sub-Saharan Africa	25403414691.84	1386.0569824219	 13,684,754 	 21,339,224 			64	66	61	67	49	69	70	77	62	64	67	46	76	71	62	42	69	74	72	77	85	77	3	77	65	79	55	73	80	75	47	96	72	71	54	51	24	56	90	34	40	41	40	38	72	41	90	41	44	48	52	61	48	49	51	52	55	36	37	34	47	51	76	58	72	57	90	46	58	65	65	29	33	33	48	58	7	12	39	46	27	54	52	42	32	33	82	40	29	21	26	44	37	37	56	71	5339	4058	2286	1409	1054	355	363	14	2	348	1281	1208	74	11	63
Latin America & Caribbean	LCN	LCN	Latin America & Caribbean	189055246008.32	5677.586015625	 5,954,121 	 28,190,984 			32	25	36	33	21	54	14	23	8	27	37	42	52	24	17	5	25	19	46	46	48	32	61	32	43	0	43	50	62	49	36	71	29	53	30	37	4	43	89	11	24	29	21	23	30	10	47	63	58	58	69	70	63	61	59	64	66	44	44	39	59	65	63	64	67	54	82	61	60	66	88	39	57	41	49	67	8	32	68	57	29	66	66	83	100	33	83	71	56	60	69	52	31	71	29	29	11618	9491	8240	935	935	0	316	0	4	312	2127	2096	32	11	20
East Asia & Pacific	EAS	EAS	East Asia & Pacific	609901370408.96	2368.9738916016	 90,485,056 	 176,698,112 			40	34	44	29	33	65	21	28	19	50	61	60	60	64	38	40	53	25	42	45	34	64	31	87	32	0	32	50	51	45	47	67	29	49	34	34	3	42	85	5	32	49	18	28	38	18	55	56	54	51	58	62	50	54	54	57	54	36	41	38	57	63	72	85	58	47	80	61	58	77	82	39	59	40	0	40	0	0	58	42	39	37	52	84	88	83	100	78	48	53	63	46	9	57	41	45	9570	9015	7982	902	902	0	131	1	3	127	555	506	49	1	48
Low income	LIC	Low income	Low income	12137046220.8	480.1815539551	 17,257,308 	 24,018,988 	0.7575757504		64	67	63	61	54	74	71	78	62	66	69	47	79	76	63	45	74	69	70	76	79	86	18	79	64	84	55	70	85	73	49	86	61	68	55	49	25	57	86	28	38	44	34	33	77	47	94	40	41	45	51	60	45	49	51	50	53	32	31	30	45	49	73	46	60	57	88	49	70	78	57	28	34	26	37	53	3	4	39	41	16	49	51	46	40	46	83	38	28	21	28	48	26	40	50	70	2708	2154	723	1192	1103	89	238	9	2	227	554	488	67	9	57
Upper middle income	UMC	Upper middle income	Upper middle income	298765820887.04	5799.9376953125	 24,944,950 	 62,232,968 	0.0789473653		31	21	29	26	15	43	11	12	10	26	34	0	36	31	19	17	24	17	43	42	50	28	57	45	41	79	40	48	48	41	36	67	34	54	34	45	17	56	75	30	32	30	32	34	23	16	29	58	57	55	67	67	59	63	58	62	62	42	43	41	60	60	68	72	68	58	81	53	72	79	83	40	49	55	68	57	40	50	60	51	49	46	64	74	78	20	90	74	55	63	70	57	31	64	33	39	17037	15025	13900	755	462	293	370	0	1	369	2012	2002	11	7	4
Lower middle income	LMC	Lower middle income	Lower middle income	95254514565.12	1591.5287792969	 42,208,872 	 68,261,448 	0.3611111045		47	40	47	44	35	62	32	40	32	50	59	40	63	60	42	32	51	43	53	57	63	56	56	64	45	65	43	57	73	58	42	72	44	53	45	45	22	50	81	26	37	43	32	36	53	24	69	50	52	51	60	64	53	54	55	60	58	36	36	36	54	60	71	65	74	48	93	50	45	61	78	33	48	38	47	58	14	11	48	45	27	48	55	63	64	44	78	62	38	38	38	47	27	46	53	56	5356	4323	2749	1265	1252	13	309	11	2	297	1033	979	54	5	49
High income: nonOECD	NOC	High income: nonOECD	High income: nonOECD	114758970900.48	26288.475078125	 955,900 	 5,373,675 	0		29	13	16	5	5	42	3	5	0	17	23	0	28	18	14	26	6	15	39	49	47	22	69	34	52	0	52	22	22	33	39	32	5	27	47	52	72	21	53	62	51	40	62	49	18	18	0	67	68	62	68	73	68	64	54	67	72	60	55	61	66	73	77	87	87	79	56	71	92	85	96	51	84	73	100	0	49	69	67	49	0	50	74	86	67	0	0	91	88	92	92	78	14	59	19	63	122	122	0	122	122	0	0	0	0	0	0	0	0	0	0
High income: OECD	OEC	High income: OECD	High income: OECD	180990914723.84	10449.4261328125	 1,940,812 	 17,307,092 	0		21	10	17	9	0	44	2	0	2	14	27	0	29	26	0	0	0	0	33	32	0	19	78	12	28	0	28	37	49	25	22	14	43	69	28	19	0	42	0	33	11	10	18	5	54	7	100	81	82	76	100	72	77	78	77	70	80	80	60	77	70	88	91	98	97	96	65	80	98	99	93	50	100	0	0	0	0	0	79	59	0	44	73	96	100	0	0	92	61	75	100	41	27	100	0	0	164	164	0	164	164	0	0	0	0	0	0	0	0	0	0
Developing Country	WLD	Developing Country	Developing Country	143029382731.447	4528.70796875		 48,924,036 	0.3534482718		45	39	43	39	33	58	38	46	35	44	51	45	56	51	38	31	46	40	53	57	62	52	52	57	50	79	46	55	64	55	42	71	45	56	44	47	25	52	78	30	36	39	34	35	50	28	65	51	52	52	60	64	53	56	55	58	58	39	38	38	55	58	71	65	69	55	83	53	62	73	75	35	48	38	49	55	16	19	51	46	32	48	57	63	62	42	82	62	42	44	48	51	28	52	43	54	8023	6886	5612	989	863	125	285	6	2	277	1137	1098	39	6	33
Fragile States	FRS	Fragile States	Fragile States	29377389280.1306	1071.7557470703		 31,305,888 	1		60	59	58	55	52	71	61	70	55	62	67	50	75	71	59	48	67	64	65	70	76	70	22	76	62	83	54	66	79	72	48	80	53	65	54	52	33	50	85	38	36	39	36	31	74	42	88	40	42	44	51	59	45	50	51	51	53	31	25	29	46	49	73	47	69	55	87	44	55	75	63	28	34	27	38	48	8	6	38	39	16	46	50	49	46	36	80	45	26	20	27	43	21	38	54	70	3648	2874	1593	1082	1067	15	199	14	3	183	774	713	60	7	53
